/*
SQLyog Ultimate v11.11 (64 bit)
MySQL - 5.6.14 : Database - auth
*********************************************************************
*/

/*!40101 SET NAMES utf8 */;

/*!40101 SET SQL_MODE=''*/;

/*!40014 SET @OLD_UNIQUE_CHECKS=@@UNIQUE_CHECKS, UNIQUE_CHECKS=0 */;
/*!40014 SET @OLD_FOREIGN_KEY_CHECKS=@@FOREIGN_KEY_CHECKS, FOREIGN_KEY_CHECKS=0 */;
/*!40101 SET @OLD_SQL_MODE=@@SQL_MODE, SQL_MODE='NO_AUTO_VALUE_ON_ZERO' */;
/*!40111 SET @OLD_SQL_NOTES=@@SQL_NOTES, SQL_NOTES=0 */;
CREATE DATABASE /*!32312 IF NOT EXISTS*/`auth` /*!40100 DEFAULT CHARACTER SET utf8 */;

USE `auth`;

/*Table structure for table `account` */

DROP TABLE IF EXISTS `account`;

CREATE TABLE `account` (
  `id` int(10) unsigned NOT NULL AUTO_INCREMENT COMMENT 'Identifier',
  `username` varchar(32) NOT NULL DEFAULT '',
  `sha_pass_hash` varchar(40) NOT NULL DEFAULT '',
  `sessionkey` varchar(80) NOT NULL DEFAULT '',
  `v` varchar(64) NOT NULL DEFAULT '',
  `s` varchar(64) NOT NULL DEFAULT '',
  `reg_mail` varchar(255) NOT NULL DEFAULT '',
  `token_key` varchar(100) NOT NULL DEFAULT '',
  `email` varchar(254) NOT NULL DEFAULT '',
  `joindate` timestamp NOT NULL DEFAULT CURRENT_TIMESTAMP,
  `last_ip` varchar(15) NOT NULL DEFAULT '127.0.0.1',
  `failed_logins` int(10) unsigned NOT NULL DEFAULT '0',
  `locked` tinyint(3) unsigned NOT NULL DEFAULT '0',
  `lock_country` varchar(2) NOT NULL DEFAULT '00',
  `last_login` timestamp NOT NULL DEFAULT '0000-00-00 00:00:00',
  `online` tinyint(3) unsigned NOT NULL DEFAULT '0',
  `expansion` tinyint(3) unsigned NOT NULL DEFAULT '2',
  `mutetime` bigint(20) NOT NULL DEFAULT '0',
  `mutereason` varchar(255) NOT NULL DEFAULT '',
  `muteby` varchar(50) NOT NULL DEFAULT '',
  `locale` tinyint(3) unsigned NOT NULL DEFAULT '0',
  `os` varchar(3) NOT NULL DEFAULT '',
  `recruiter` int(10) unsigned NOT NULL DEFAULT '0',
  `rank` int(32) DEFAULT NULL,
  `staff_id` int(32) DEFAULT NULL,
  `vp` varchar(32) DEFAULT NULL,
  `dp` varchar(32) DEFAULT NULL,
  `isactive` int(32) DEFAULT NULL,
  `activation` varchar(255) DEFAULT NULL,
  PRIMARY KEY (`id`),
  UNIQUE KEY `idx_username` (`username`)
) ENGINE=InnoDB AUTO_INCREMENT=222 DEFAULT CHARSET=utf8 COMMENT='Account System';

/*Data for the table `account` */

insert  into `account`(`id`,`username`,`sha_pass_hash`,`sessionkey`,`v`,`s`,`reg_mail`,`token_key`,`email`,`joindate`,`last_ip`,`failed_logins`,`locked`,`lock_country`,`last_login`,`online`,`expansion`,`mutetime`,`mutereason`,`muteby`,`locale`,`os`,`recruiter`,`rank`,`staff_id`,`vp`,`dp`,`isactive`,`activation`) values (3,'JCARTER','8DB4AB798F14D409FC688D80D773256EE95520DE','C740AFE555713D397BAE307D01735B4C9BCDC2C097B24532546E41592E5D54FFB66AC8654E8E7344','0C86CD3676E0D517C4B787E68DEC5D6E65C65ED6A1BCB3D693396906B7ECD3D3','E943A479C489B9A0BC9722F94FE02DC0235691E69F5A3AE3C670CC1816965CC9','','','jcarter4562@gmail.com','2013-10-06 01:32:22','68.200.122.123',0,0,'00','2013-12-23 14:44:21',0,2,0,'','',0,'Win',0,2,63357,'4','2',1,NULL),(4,'DIDRARO','6575dbff3e81c07e050910709db27a8fe55e759a','2A78982EC482FB39A06521D316CCFCD8C2AC64347D8C344C6F060075016A60BEB252D1300661972A','7780C8A8C4CC926B79B9B06B31B9DB8495E72DDE0FA2E32A1E02111B6399A45A','897FD6677CCF0F4AECDAA91C2AC19EF7F2384BBAF20AD876E2AF8141EE63E477','','','razvan_dui@yahoo.com','2013-10-06 11:55:42','5.12.111.133',0,0,'00','2013-10-13 05:25:56',0,2,0,'','',0,'Win',0,0,NULL,NULL,NULL,1,NULL),(5,'FLAME','844a78fd89664021bb9bfe00406ad2f48de5b293','CB360C108D912A84CF15A948FBB0E897E42C1D343C74BB775E4426A0096E900F807B3A9BCF4A83AB','4809013D32DC004CCA4F8FE0FC5C00494D7C5AA0D39345CF8EBB974EB5A9BDB6','D030D86EFDAF8DB87423AA2A3E45945D3724672ECD8EFE39623496742A61A41D','','','aquaman102@gmail.com','2013-10-08 04:01:56','76.17.1.223',0,0,'00','2013-10-25 13:28:18',0,2,0,'','',0,'Win',0,0,NULL,'5',NULL,1,NULL),(6,'DMANBOB','1b0dace54e8576c1cc25858f512bf555155438d2','857F411F7E3B5D292768C6BE1720FB2A39E701E8831150A1DE7A3E9F5EE0D4CEFD26EB245B439CF4','576A0C15DABC6C28D5C41E6E48D1DFC9BA09484255E2BF5E0A7A2BDEA5E904F3','823B085B6D28B7CA653DA3BA0D2003D0D46C59444B7E3D9C48DA69E98AE6306B','','','npcwowhelp@gmail.com','2013-10-08 09:59:17','206.75.176.172',0,0,'00','2013-12-07 18:39:58',0,2,0,'','',0,'Win',0,0,NULL,'5',NULL,1,NULL),(7,'ROCKERJC','a3e33b7661c5f70ae00b10c650148ffd326e2df6','C2C8F98B1DB5A3D90F220A5EEA1A0450AC1BE7A7ACEEF52542CA80C80A72EF8B7CF74D49EE5107D7','7F4ED557498FFF0A3C52743566363DC6B993B6296B3D356F82B963A94E92AC74','92EC0D136A299A0F091266F6312FF5F425C4122187F86515FF6191D72D1B7C07','','','jcmilroy16@gmail.com','2013-10-10 07:55:31','173.27.241.40',0,0,'00','2013-10-11 23:19:38',0,2,0,'','',0,'Win',0,0,NULL,NULL,NULL,1,NULL),(8,'DUMYJUNIOR','be12f6342e0c761cf89e4710c67c2864c4cc0561','','','','','','dumy_junior@yahoo.com','2013-10-11 02:43:02','127.0.0.1',0,0,'00','0000-00-00 00:00:00',0,2,0,'','',0,'',0,0,NULL,NULL,NULL,1,NULL),(9,'MANDATHOMP','499e7a4df7d1b2f0cf6876657534c3c5a29fbc3e','F74FD7A48B26EFF4D4C8A51422CDFD43DE3599954F308778D1B0E88B98E326E693BF7F879E9786FB','410B76B75A5C6CEFD28BE944466869E0FC1F21C213CBE82441CBC773A5EABE9A','BA1F47FE0DBD9A2784000E1A7000BE6724B8835AE1EE61B0CDF9594D31045F6F','','','m.barr10@yahoo.com','2013-10-11 12:29:25','67.110.211.158',0,0,'00','2013-11-25 22:16:03',0,2,0,'','',0,'Win',0,0,NULL,NULL,NULL,1,NULL),(10,'JULESMK','0CFFA53AB466732FB1CF71F68312C0F802739EA4','EF52EDAD07ED28D6F0B87155C848DFE2C33E7825F563439D1ABD64603770EC33F4791C89ED2E2014','21D670FA7E15102F3CBBC0AFB25199B804414BF5FE5AC3BAC9497C1FE3B7214F','BF027E05F53717B9F0FFBCFA9A298616180F7D45DF369BAC0E0F83140EAD1439','','','julesmk1@hotmail.com','2013-10-11 20:29:13','109.131.184.169',0,0,'00','2013-10-11 11:54:03',0,2,0,'','',0,'Win',0,0,NULL,NULL,NULL,1,NULL),(11,'Brave2o14','75DBB4B18AC9E8187EC872A767DE6BDB64FECB72','','','','','','Angel_dark_ionut09@yahoo.com','2013-10-11 14:32:09','127.0.0.1',0,0,'00','0000-00-00 00:00:00',0,2,0,'','',0,'',0,0,53643,NULL,NULL,1,'APnZVE87IKoxWwtsQKUITYkFQhzeFFZObxTccr5Hxv3ZCwjGOX'),(12,'Brave2o13','EFAF849AB9ADF47751B6F1ED943E4040094B4BA4','F5FFD0FC2D20DAB8BD8A0F32F9AE881D258E31C63231A5FC2E0AFBD46517C9EAB788F162E459EAA8','5030BA76194C16FD7FD7801ED27D0CFF8C39578AD245E900C360E6ECF9EE95E4','BD7BAA3D0EB6DBF4F9F6FFC7ED7BBA5F07B93337FC9C305BDFCFF022FE019FC1','','','MARIANA_AMUZA@yahoo.com','2013-10-11 14:34:35','89.47.249.23',0,0,'00','2013-10-11 16:52:40',0,2,0,'','',0,'Win',0,0,39209,NULL,NULL,1,'wvP7g4pgeap5pRhOXw4w4Ai9mspDg9KoXKAZdhhtTxGulpUiWr'),(13,'Amuza4you','D5CA61CBCFD3847CC20CAF6CB6B1E91C81578ABF','','','','','','Donatii.saphiremt@yahoo.ro','2013-10-11 14:35:23','127.0.0.1',0,0,'00','0000-00-00 00:00:00',0,2,0,'','',0,'',0,0,68633,NULL,NULL,1,'aLoB3CJfHCNNsodV2z9jQHkcskzlOfwAFlwmf9BJmuneKocv99'),(14,'Webtest','6CCF1C46B78E8332EF02379753F95DC8026E927B','9CEFF32B9D703D77B723B91F1AFD9F7560D7ACEF21BF16146F9681F30C799C3673578D800D6355BE','444953845B50717BB1BDD4281E3A1865C1249EFF2929BC6907C0413C615FE2A3','F019A79F9B392EC5E916D572A712DC5C903FE338780AC2C64EEF1A46B7A9C6F5','','','Jcarter4562@gmail.com','2013-10-11 14:38:02','68.200.122.123',0,0,'00','2013-10-11 14:39:27',0,2,0,'','',0,'Win',0,0,84229,NULL,NULL,1,'6MDoAOpVL9gp9q7FJg8tJS7eOzERxNIjTsqeCzTnQizAaOYH6R'),(15,'Apihl1000','9464C819BB0253B199872DDE41B7F649421DB8CF','18FBC93AE93A4D7CE7866487F01CA3A30D6085EC25F187F26DCD2FF9437799528E3B0AB3B855FAC8','6A394C7AD21CE31F6935620AE79EC3C96AB1B4F6911D32A1F431F58E9C5F9961','B863344F17CD8B136C100BECDA1E24B24B4C19F04EF5ADFB37A958F6C4DFB08F','','','Apihl@hotmail.com','2013-10-11 18:46:27','188.176.189.82',0,0,'00','2013-10-12 05:38:57',0,2,0,'','',0,'Win',0,0,83023,NULL,NULL,1,'iOZBh7drjeTPv2npDp6Sz2eNPkpdLV8fglAWeeuM6ljIY376Oc'),(16,'Albag','F00D62A80C6A211D60C81598EB90337B1CF51583','FEA9270144B1C48872A84998F7D709CA6BA4784D4C59EB044D0F7906002BE2855E352CAB7DF82C7D','03BC3446B6E07E8C8BDF228374B2AB6C95F8E0DC55FF90FA59BAD6DEA4764D2D','8ADF432E4FED096E9B66815D52B5E4EDC6A4E264B5EA381D66F8D2FD6BD8F8B9','','','Hhpic_123@hotmail.com','2013-10-11 22:11:16','90.185.110.89',0,0,'00','2013-12-16 12:49:54',0,2,0,'','',0,'Win',0,0,68413,NULL,NULL,1,'2YXVCh6IUStrzYYDIe7cHob9NDq8C7mS4JdADbSXnoM7cNNgxk'),(17,'Betosm','D175AE5143FDBA44B4746B38F7BBA09BD483DA5B','AD1C95221F1D9C983ADFEC1DF0DE7B96220749C58C129C8ED13A9CB7B71933FE3463C6DA6DDC9571','3E0A1D6C99F9474A3A3B0179EE2AF9476F0C4058D3F941844290C9C92E18DD8A','ADBA8815BA45B3C58551003B9CA632C91BEC5FF6E30DC892C5C0E2A9028A9623','','','Beto_boss3000@yahoo.co.uk','2013-10-12 14:30:23','89.39.206.60',0,0,'00','2013-10-12 15:44:57',0,2,0,'','',0,'Win',0,0,28655,NULL,NULL,1,'AWhOoXTlYhzkfktlDym5Xz79VEuaA9l8JBmkURscvIkuOlnbSQ'),(18,'Eyoodi','80352BCF50AA8D34D123701E079EF77570C5D093','B7B92EEB1EE8CB6781A3A70E44B53C146C05D70FD9E2710AE735D5C52DEFABFE00E3CED4EE572D45','320D22FE1874C3AC4EB7A3E926B3BEA06A6870363F89646A4DD46903BD156C92','87A376874A6CBD6B7DFE5698A004D6F1E87E510D686B04783B6B20B57BC65625','','','S.x23@live.com','2013-10-12 16:51:53','94.59.106.170',0,0,'00','2013-10-14 18:00:34',0,2,0,'','',0,'Win',0,0,43061,NULL,NULL,1,'RI5NxN87UN6bQeXiCz6XPmnDQfvMmavhYG5v8vKltWMl9GdIxo'),(19,'Khayueain','3495DF97033B4E5D6441754399D2C7F2A35F51B3','71707054C7DC4735AE1FD9C259839B33D0DE67FD75EB632E9515BF8A8E1293E980D5676A52B44AAB','332E43CC139B60CA24ABC5DE0412C6539F5A1178F1D88FCF07CB552F5C5638E2','94C276250C058417F9E4BEEB26EFB851090DBAA40ADCA1E15B7744C39EAB03D9','','','Jockerlay.mdy@gmail.com','2013-10-13 04:54:03','122.248.106.8',0,0,'00','2013-10-13 04:59:36',0,2,0,'','',0,'Win',0,0,86736,NULL,NULL,1,'FJg8tJS7eOzERxNIjTsqeCzTnQizAaOYH6RY9JEQQRIGywsRBG'),(20,'Wolfcrake','D3EF749C848BC64B3A3F8E8D1C5A16BF1C13D0D1','B2D9B919A8A8B4D8C21E508C278919FA3C8B49618486B3CBC808224E718CD0920093C58E60AB72B3','25B9769600D4BE4C298946798F863B0FE7EF1479141E7CA270C79F6D920F4B78','D9ADD36D24B69041448B9884546EFD9E05D581C32B4A7B6E91ABFE8A7DB0B80F','','','Wolfbones66@gmail.com','2013-10-13 05:19:51','79.119.154.129',0,0,'00','2013-10-13 05:23:47',0,2,0,'','',0,'Win',0,0,67749,NULL,NULL,1,'GvXvRIPevwfEWZvko9QXC9wBjgUIKolb6DInjALBePe9UnPZTD'),(21,'AlexUtzu','7FF897AD8CF489AD3A40912416F3566214B73716','','','','','','Alexu_tzu2000@yahoo.com','2013-10-13 11:31:22','127.0.0.1',0,0,'00','0000-00-00 00:00:00',0,2,0,'','',0,'',0,0,69702,NULL,NULL,1,'LWg1cDmvxRWKT7GMNSI9LL4UFSrqBegFwJkwM93WZOKJguUBh1'),(22,'Tiago98','BCEDE5C756AC93E0C329223174E45B9B3F358674','','','','','','T.j98@hotmail.com','2013-10-13 12:16:57','127.0.0.1',0,0,'00','0000-00-00 00:00:00',0,2,0,'','',0,'',0,0,12902,NULL,NULL,1,'2pGQgm6iEc4FKGoxZcn6HKFhUiQRvq1Nml9zmPiEXfPneBDdrL'),(23,'Lisac','307B68B7B2F7BF9DF67E8617EA25F06A23BA854E','7CF64A5058650A94E42E60B4EA194CC0575239A3A26C6BED48099B05E2F6C6B4FA0C63998183F052','0B6DC845622886557E18B38AFB820D06CB5D662CA97E4A9FCB3352B654B5BA32','C75A0FECE6C5EB952F7E5E2770FFEB77D294F223790B82C9D2E0CDFBFBDF6C47','','','Lisach@telus.net','2013-10-13 15:15:50','23.17.93.173',0,0,'00','2013-11-09 00:30:21',0,2,0,'','',0,'Win',0,0,32046,'2',NULL,1,'ckaKlMQueCwISFQzPBolBQnP695KMH5ofT28NAXN8WCa5TxGBc'),(24,'Ltpierre','6042B75402BED3C82B912779AC1E66AD7935A342','40C0D70052BF95EF6231A305CAF1E95FE1D8EA23B4D0E965E84B0AA0894C0C3EAB109F3121EE5B74','1736B9FE5151580FFBE49DF5F33F13FAD7BA408A5192503C29F275410D3611BA','E91752DEACC9204FB54D778CF7506F1B68258A4769F1FA06F00E3820971C4697','','','Ppj.chouinard@gmail.com','2013-10-13 15:29:16','23.17.93.173',0,0,'00','2013-11-02 00:27:29',0,2,0,'','',0,'Win',0,0,48286,NULL,NULL,1,'xz2ZpH7mj7Bw5kS7QFsu32p5ghiKftLbb2yrPKabY16BTXDVH5'),(25,'Jpoc','B6DB86B9E8DDB779E2927FF630A235CEC1E092B8','36877EAA3C0ADE073AB578472953F5F9F5EA084D1D1706207C1821BBB79A5CDCF11FE79BACE58C13','17F87F399DAC80E65934D4ACB858EBB695F1F0BC4EED0E85AA2A84A19088F802','CEFF26435536E5EA48E776AFF563EAD3596607FACF2B34B8E91BAB171173F7B1','','','Jeanpaulchouinard@yahoo.com','2013-10-13 17:01:02','23.17.93.173',0,0,'00','2013-10-20 17:43:20',0,2,0,'','',0,'Win',0,0,88150,NULL,NULL,1,'6XYWLHeiGdIEfuvonXlzWXxJJPzq2KBrtdmaJek7eIZaY2lHQy'),(26,'Krallix','BB03FB33F0A5B51B3B4147DF719FF04BFB8B2D96','D7A67BB3BE7B8378B80C0B58A7166A94858F290B03887F5B7A231AAF4328065D0515DFEF28A177CD','762D41E61471A9559C703459EF0CCE2F41879AFB618D58175488B2E75638D455','AAA0DDC4DC0EE794B5C15C1E9859136E775A471C6E0AF659492813DD8BE5C8EB','','','Joshua.mills2004@gmail.com','2013-10-13 23:17:15','24.117.232.147',0,0,'00','2013-10-15 08:54:29',0,2,0,'','',0,'Win',0,0,47075,'5',NULL,1,'1ptNRKiX9TP9zv1GjLiBDagRqNtLhAbRNslW3Pd9ysG22gFqJf'),(27,'Test19','67E5A3C15DAA5AD09377581A829A1BAA8D1AEDF2','309D55747121A68D23A108AE9A2D4D45816525BBBC1B49F6500C753852F24693035534C6371B6A6E','7D977F5E8347BC94D33DF7877ECCF0557E0763AE6C85B372E68C3FA1BF6AE762','F24572E7398BB384CF632F3CAB2E4C28F02BC408BCC52E721D05E760D1F8E785','','','Nek15@yahoo.com','2013-10-14 02:46:32','109.166.134.5',0,0,'00','2013-11-29 12:36:55',0,2,0,'','',0,'Win',0,0,39846,'10',NULL,1,'TQjBpjyfzXdFVgCCxjdJcj92h3cFkJgi8IWrhAPbWh2fQeU5iO'),(28,'Eldar95','02A6688ABE3F698DF15810605EA7F8C70A56FF2D','','','','','','Eldar.salihovic.ets@gmail.com','2013-10-14 17:21:54','127.0.0.1',0,0,'00','0000-00-00 00:00:00',0,2,0,'','',0,'',0,0,73833,NULL,NULL,1,'c1uP8aYFVGvL9YyGbTCircATy5s6nQHhwy8Dl9GVR98RdDUZDi'),(29,'Holllyorg','F7E2E3C8644F36860EF87DDDC29CCC7F91E5DEC3','34A66CED062E08787A4A404BCDBC7444EF4139C1657B5C29C175E5C1BB89FC9ED622FB5FD29C6063','574D184684B8C8A34ECB99428ED9364CEFE5A83A843FAE8127B439E9C113485D','EB35BA64585D8DD28924607C9D7C5DA2725CFB78364CE53B5E13796B3016D261','','','Ionutw00w@yahoo.com','2013-10-15 11:34:47','83.103.181.49',0,0,'00','2013-11-27 23:33:56',0,2,0,'','',0,'Win',0,0,35166,NULL,NULL,1,'dADbSXnoM7cNNgxkGrV7uTTuHrXI82ZFjvAgftcvcWgo8TD3Kn'),(30,'Nadir445','BC5F34CE627955B859C2715CFB483E7B6B472435','0B187BA08E5AC49B5EECA3FA8CE6F534FE5D9D1F9D7C29FD4ECCE757591FC664FE75CC32CBDE1C38','87DFF4E0BAADD2A79C861BB71F9493C3F65168E148114389A2D0220FAB5688B9','862E8F2E8C40E798769FEC50543A199EDFED0F6632C97753CBA8E829604592BB','','','Nadir230@hotmail.de','2013-10-15 15:41:00','92.224.56.10',0,0,'00','2013-10-15 15:48:11',0,2,0,'','',3,'Win',0,0,34819,'10',NULL,1,'dVXcOfk5VC59AjPzefRQHqcWdVoP5RwNmoKtxGiuwF8TqgME2S'),(31,'Boshami','AE84480E6D13CBC583A903F4EDC719FC11805802','','','','','','Rudy-tu-gefe@hotmail.com','2013-10-15 16:13:59','127.0.0.1',0,0,'00','0000-00-00 00:00:00',0,2,0,'','',0,'',0,0,41379,NULL,NULL,1,'nDEo54d3us4tH26ey9Am2Tp3RBgQP7p1xrhY5RwZCHZ61i4rJ1'),(32,'Calista','379C910BBE7C948ACCD52ECBE7A752CBDE12849B','','','','','','Calista@o2.pl','2013-10-15 18:24:11','127.0.0.1',0,0,'00','0000-00-00 00:00:00',0,2,0,'','',0,'',0,0,64216,NULL,NULL,1,'tepH7yaWQbAlH1e1MvnM3qqXaZpESR7Hbh8jEWEbjSRTjX12Pw'),(33,'Cristianaca','9B21967EA72825634B90B81616F3905429C88822','0CCBA4CCA1090CBA4AA04DA4AE6D7A97E9C6024876AF08545D714D82B0E57DDE51B1F1A40C9FCC6B','2F2A92355EE8D591558128109D3C76C9B5FBD2649E063829CD71DE07E0B5A6D7','8C7E8E3CDF8582F5D91CB98FF429A6863B6556242D6BD7A24F22C65D3FC6F56F','','','Cristianaca1@live.com','2013-10-15 18:44:30','190.178.142.177',0,0,'00','2013-11-07 18:00:28',0,2,0,'','',6,'Win',0,0,36548,'14',NULL,1,'3yr4bXQD79VQlyPjoa779aptEtC3uFG1xrzdECMwBs6kFN2aXo'),(34,'Bunito','69E277E7325B6FFCADADB892B38D1F391D70ECB4','F14114EED855DABD88C46D8E784F5EFE9553C3A0E5F246EC237B527B381009C2AD0D27BAA1257C35','77D5361AB86CCCCF8082BCFDE0908205478E6668863BE47243D3EEF0C823CEFB','EEC32B9EA418F8909C3813BCA3EB071FAB180018E711B18EA027A642822B4723','','','Igor-msm@hotmail.com','2013-10-15 19:58:44','177.134.230.85',0,0,'00','2013-11-05 09:09:35',0,2,0,'','',0,'Win',0,0,14541,NULL,NULL,1,'a6oT3RE7BTfYOWGRS9Qcn71TmwlEp5y6FtlzNnyFwMIZagReW1'),(35,'Darklove','0D785E888CF55E972E7FBEE8BB57F27750EFF37A','','','','','','Aycanfb@mail.bg','2013-10-16 07:12:00','127.0.0.1',0,0,'00','0000-00-00 00:00:00',0,2,0,'','',0,'',0,0,36006,NULL,NULL,1,'29iqxgQD1As7ECDLCoKhuW91JbIdb65jIPEjAmunWTvRL27bNf'),(36,'Marker','8EB469DE845729D24497DCCB406F5C05F1AB97DB','D5BC1788EC0C7FA7084CB826F7CDFB807A924CF7554C8A6D261F95305E27B67E5CDC083C7D23C9FE','035AC83684DF29754D19E09CAE51ABE4440BDFC7A19619EB9268EAE46C7FC1D3','810BD9CE65D3339BEA85F5395DE121A1F531D313714669FD4338F560D127F9BD','','','Makker2730@hotmail.com','2013-10-16 11:30:00','2.108.123.210',0,0,'00','2013-11-18 13:20:53',0,2,0,'','',0,'Win',0,0,46882,'1',NULL,1,'NFfb9BABvjQH5lzzqiNqznPQv1tsN9156YzhPXSWA2YfYrpWvz'),(37,'Luke','A7DB4BE54A9CD09F53BB9FE262B0CFF6CE178B3A','','','','','','Luke@azer-cms.com','2013-10-16 12:27:48','127.0.0.1',0,0,'00','0000-00-00 00:00:00',0,2,0,'','',0,'',0,0,35757,NULL,NULL,1,'l63iFCmJ1v5rSsNsfENpwg23AcgZHtM7fg8k8TzQLIoVS91MmC'),(38,'Rainer','91C25B1CE3148E715876BD1EE9B3AC221D5B0845','93753DB7BCB34E88CE96CA2A29691C49D9C26E573AF27867A10E6526FFBC4764A35EBC60F24E9DD8','27C5D3FAAB9B7267283F44574E7A7A0B737FA1BAA5646884B5380E5E07210F39','D670CF3DA3ACA768FA84C8FABFBEA6CF7F9096145F82990860EB7F68260BF5D1','','','Kxr3ba@gmx.de','2013-10-16 12:57:35','217.254.64.64',0,0,'00','2013-11-10 13:56:37',0,2,0,'','',3,'Win',0,0,21936,NULL,NULL,1,'25brklwCGwvGShX4CsJtXbEkhiTPsPteMpNuYn6BKANyfPzZzS'),(39,'Bubudemon11','2DC0053712A957EDA37149D3EA82BE1D743E3BD5','','','','','','Richardferenckovacs@yahoo.com','2013-10-16 23:14:39','127.0.0.1',0,0,'00','0000-00-00 00:00:00',0,2,0,'','',0,'',0,0,47712,'10',NULL,1,'XKMQ2wQWUmDHbJwzI7oTIi5NlWgolK3LTqdobImL3c3LBZfF1C'),(40,'Hypson','937757A47DDD747CD6150A7DD6846D74CDAEB85A','48C957C155D4C164C886BD16FD1D6308A89CF4FFCB12DD9E8A42088CE8DFD20B5EAF312E1D7D1E6A','07C6DAC9F56ED0350A4B121C667E3242E0C52F300EB2C2839F5186B874F3C943','F63186DB767AF15BA1BF56903CADD0EDE24AE2016777879002E1DD2D24D986A1','','','Jose12_0989@hotmail.com','2013-10-16 23:41:25','147.194.23.129',0,0,'00','2013-10-16 23:46:38',0,2,0,'','',6,'Win',0,0,76270,'5',NULL,1,'QX9hg5d3BIvDr88yvRvG4FbigLWIaIACJOsBsbvayRAIMFyWmo'),(41,'Gaurav','AEAE74E11040B7BDDE4E7FE2BC59EB17B2480870','A38DC313340476584B3500B511B2F0B2FF2CA083CB7F3AC08E934DFBCA8C8FA81C4611F51F7E272C','0FE229C49F3B6A0D706AF95E92A6F9E14A6765154D87A74B1B435DA7C72435A3','E89E0C1C07696A2EF0048FF306A8ACF5ACC9FF6EEE2F4C707037F318651384A1','','','Gmanocha25@gmail.com','2013-10-17 14:09:04','137.186.239.150',0,0,'00','2013-10-24 20:22:37',0,2,0,'','',0,'Win',0,0,40332,NULL,NULL,1,'RSUsYc1cGWpDIW1s8utZxRbvSdYP8jEEZYy5vv6UoQkXTofbFB'),(42,'Seki91','F6F326F9948F7B2A56F7B95529BBEC2E07824B88','55811863239CD8322766129991377A1C0E6D56AB7CD8D04BFCF12F49D775C4A85BDC2F930046B7B6','4059200B0C433F26C9C5C409BCAAF4F72040844E68FCCEE9C196151D4EE6738C','9738BAC1643DECF0358C2A974EC36116E10BF56284D2DDF2CF64DBD242287BA5','','','Seki_91@hotmail.com','2013-10-17 17:59:34','87.250.119.26',0,0,'00','2013-10-17 18:02:17',0,2,0,'','',0,'Win',0,0,14484,NULL,NULL,1,'4gQz4xh1KuoEZssfNyo1y8MV6ljUPuNHsdwlxmNqeXOUI7EjJe'),(43,'Poli09876','859D3550493C06E4F21F045E8893767D36A49D1C','117EDD88F84C780AD2FFFD8A9FC0DE46EF24A037A302D7865679F677E65FA02B5708EBE230E25B63','8058649845E1512E28FC437345CD6BA53FEFC512F8BAB9E44C010064D6253274','A9ADFDFAFC17C012C7BEAE22B249466886CABDCF67CF1BB8D86128F4CB3BAC1B','','','Roger_alejandro1994@hotmail.com','2013-10-17 21:12:15','181.114.70.84',0,0,'00','2013-10-17 21:16:01',0,2,0,'','',6,'Win',0,0,16438,NULL,NULL,1,'ci89msdMMpbKwVDHnMgCClSkzxF6GkjmLjXu2l7gzWUaYFJP53'),(44,'M111','17BEF090363349209F88FD7192F25E54CFA47DC8','','','','','','Vip.suport@yahoo.com','2013-10-18 03:51:51','127.0.0.1',0,0,'00','0000-00-00 00:00:00',0,2,0,'','',0,'',0,0,62534,NULL,NULL,1,'O8widHeUqfa77sjweZPBHXsQbwAIVQx3ariMdTqpxDagFzUeCe'),(45,'IMark2152','E462B848EA1CBB6278AFEED18DA547D13FAB91A5','','','','','','Mark_ballinger56@hotmail.co.uk','2013-10-18 08:04:35','127.0.0.1',0,0,'00','0000-00-00 00:00:00',0,2,0,'','',0,'',0,0,85667,NULL,NULL,1,'z6OfnIqNT9qHQiKrw1jZI6HBziquNb9uV98OWJJDDxLb6q9Gyk'),(46,'Go2heav3n','B3F671028B23A7C789E86E7FA48687B3DB393AA4','4EB8334C9701F83B17E3C93FBE96A44D2C14DCE3B907DC5D17F1195710887ED9BC9AAB9B96FE94F8','522E4E023E65F3E0C0D0A965008665258E7D4474B73232462F5147BE88CCA5A5','F194976D6FA34491E724273CDAA85092F27DA6D823F3FFCEB25782232623A8DB','','','Go2heav3n@yahoo.com','2013-10-18 08:30:18','86.122.35.194',0,0,'00','2013-10-18 12:25:27',0,2,0,'','',0,'Win',0,0,67017,NULL,NULL,1,'myp2Id6FMfcgqjlB1LXjdVXcOfk5VC59AjPzefRQHqcWdVoP5R'),(47,'Arc124','A63723E8F37FFDF1BACE8A0C4A444D7D820AB928','9AF30ECD199F17E93609CD5C7A73FCD983614DD75BA01AA51E27F2FB58301036CF9543D9B18D418B','71663AC57187295AE65929E534E13FD182FA8D5218F0F827B0A72EF8E138E429','9A5C01731F4840339C4CEAB8ACE9C25A5085D7DE0E9143AC975F62E3F208352F','','','Depure23@yahoo.com','2013-10-18 10:46:26','91.229.1.26',0,0,'00','2013-10-18 10:57:20',0,2,0,'','',0,'Win',0,0,76372,'10',NULL,1,'iN454ykd9Je6HKXq4xhoT381wQ7i1DTzhnAdSzrFFeGvUwOVjn'),(48,'Krysisx','05CE13A3BEDA60AE10F3043AA4C6F8EA9B7A1C27','A6B2FA8106532B464E6929155795523C3C0F3D8558D81B032A062F45FE54EE571EE245843092E0F6','470027C62915CE0E0731CBEF7419183AB368981FA72D6DB9A917DBFE956E476B','E3792BE066A3C6C173B1BCD8921BBA1F38EC0898D08310C01A4FBD383166B599','','','Adltharvey@hotmail.com','2013-10-18 14:27:33','80.4.134.79',0,0,'00','2013-10-18 14:28:55',0,2,0,'','',0,'Win',0,0,71441,NULL,NULL,1,'Su2u4oF1OnoMrLU73uIruDIZSdd26NWHLpucEDZ57Sw4b1ItCF'),(49,'SALKO991','52F1EF9AF99E17FB55304090EFD7718C4EB11794','','','','','','SAMIR.JANJA@HOTMAIL.COM','2013-10-19 10:22:41','127.0.0.1',0,0,'00','0000-00-00 00:00:00',0,2,0,'','',0,'',0,0,23112,NULL,NULL,1,'FltbltKJ3VMvec5m6UoetaeEBaQERfxKANmoWkqVRxxz1hgANv'),(50,'Caterin123','93B18EB0C9EEE2E27B039A28243D33C3C38635FA','055122ED97A4A984C8429C256D3EB30AFF0B2F484F71CBF3EFB727CD77DA5159C079284A5749BEF0','355D14D39D9B9914F2604684A7D3F0DB75FD9B8764A88F49BE5F846DC7F24D7C','D105CE0C7BA23567A5DCD0FFFAA71637E275E5B71A089F1BF1DFE2F47AD63EA7','','','Edwinykaterin@hotmail.com','2013-10-19 12:08:01','179.58.139.34',0,0,'00','2013-10-30 17:40:56',0,2,0,'','',6,'Win',0,0,64461,NULL,NULL,1,'4x6PLP2Bj3wA9lRSI3brQ7FdSPS5zbniApGZQlC2iSSBpv3TCR'),(51,'Bladexxy','3D0D6A829EDCA2B7E76AB658EC28D6DB220DC546','','','','','','Game.seth89@yahoo.com','2013-10-19 14:25:42','127.0.0.1',0,0,'00','0000-00-00 00:00:00',0,2,0,'','',0,'',0,0,44255,NULL,NULL,1,'FFZ2wqeLfSrellV3tIUzzJcvI67V2D6r4KDpHrChhh69wKHobL'),(52,'Chrism','FA21656B1504FA78C30DB71ACF930C8691DBBE61','544E9BA88B8932A8EA62EDCEAC28A7CEDE6B8AF1A296049A35E761843031BDE76AAC8565B5D989D6','50E652CB429CA24FCEC285C6979720650D8292C68CFCB73BAF2B8005F1F1DEE6','D220D0D6B3735AFEBE66AEF6894453B12336FC90A7493B7C14264A22BDD1FE63','','','Chrism@canadasurfs.net','2013-10-19 16:24:37','192.199.63.173',0,0,'00','2013-10-19 21:33:14',0,2,0,'','',0,'Win',0,0,54944,NULL,NULL,1,'spG6POuC7aPnbjs8KcIf8QL9PNH3B9W1g2FlbKnKEDzJumGGe4'),(53,'Dogdoc','18668E9F13F59B166585832BC3EF681FACCA2CF4','30F8082C6634040DFC1DC4606B70C8C16F517D4E01AA567497BC19FEF76FA72E6F2F632271C0F780','64F771D115B4B99A37EA69FC3D41A5C245D4A489EB9B1AA826B3EFA807A44055','9AE284F85CB8685FEEC7D6140147797FEF1ED976F1E8991DA79775B681F48467','','','Dogdoc@hotmail.com','2013-10-19 21:19:07','211.36.188.119',0,0,'00','2013-10-19 21:23:24',0,2,0,'','',1,'Win',0,0,17522,NULL,NULL,1,'d2QW8WcmtMHPfd5cfPMqx3s1p5Yqp12PkLeIDWoyNugqMJEnsO'),(54,'Cminchau','B5A9978355EC6F03910389DBE10140AAE0C8DC50','','20AD964B223240F836553B817E39C67233BC34ED28675BE5399C1BDFF7EFE01F','81270F799FC7A5D94B5331EFEF80A7AC815F817C61E3138AEA35CFBB3B3A21C9','','','Cminchau@hotmail.com','2013-10-19 22:55:22','127.0.0.1',0,0,'00','0000-00-00 00:00:00',0,2,0,'','',0,'',0,0,24306,NULL,NULL,1,'YiQOkVPWm2by7j2aODgg64XWYXYNbjaUDrRIAgiRFiINsLKgWS'),(55,'Sly99foxyahoocom','AF0D55F9334C9FB9DB03C2E95713663B1FAEC6EF','','','','','','Sly99fox@yahoo.com','2013-10-20 00:08:43','127.0.0.1',0,0,'00','0000-00-00 00:00:00',0,2,0,'','',0,'',0,0,36936,NULL,NULL,1,'jS8WXBuIuMtMb5VCqIHYGwdqU7RVAgrk1FLZhD2hyVL8sgxAij'),(56,'Doomking223','84F322F73A1F660F92E1CD517ED2B21F39B355BF','','','','','','Moradihore22@hotmail.com','2013-10-20 12:20:50','127.0.0.1',0,0,'00','0000-00-00 00:00:00',0,2,0,'','',0,'',0,0,27273,NULL,NULL,1,'h7ySbXQViGghHW2m2ke5NodaYCKmkU9jZgRNvDHAVMsyirU5fP'),(57,'Drakoni77','D9904356EDF85BAEE9CAA4428865EAAD26E1CF85','','','','','','Vankata2132@gmail.com','2013-10-20 15:24:08','127.0.0.1',0,0,'00','0000-00-00 00:00:00',0,2,0,'','',0,'',0,0,76743,NULL,NULL,1,'mYazvH5c2rEfudfgiU6XMT49k1cMWu3fZ3kzl32pqpoXbcRweN'),(58,'Isemalakas','91F4A70EDE23FC0BF054D4C90BB260649D8B856D','6506F18B1AB5553B19294F77DF5FB00872E93C343A33BFE8BE0106B55FE8E18F75F079AE581ECF03','147320BB4B2781489747683771437923279C9C22DAC720A3856AE1E4492F76F4','E371453BE711ADCDB171E0A8673A962FF97710C080ED640527DC152CC193AAAB','','','Alexgreekk@gmail.com','2013-10-20 16:02:26','46.12.91.138',0,0,'00','2013-10-23 08:07:46',0,2,0,'','',0,'Win',0,0,54446,NULL,NULL,1,'smonLiKo8kft8kiLpoovdNeb4PdLplwF8hzn5ZxRnmLsDtA7BW'),(59,'Aliyahc','6C07E1A8001BB77D2CBB2C32E66D87C5925EE99E','C816FF37F9DE4C789FE8323FCA6F2FAD8D05C1691A1F5269714DDDACFDEE1A3AB59FE681889E86A9','2DFAB3467CC06B69BA78D4B94CD3779F8B4CF18FCC55144B1F35EFACA4F0EC57','DF78EA02459CAE63A636387B8FE20502EC6DEDA848D8B39C5DE371A20B43DFC3','','','Lisachouinard200@yahoo.ca','2013-10-20 17:42:00','23.17.93.173',0,0,'00','2013-10-20 17:43:27',0,2,0,'','',0,'Win',0,0,26062,NULL,NULL,1,'kSrhd2ZC63UpfDeutqYJUsYUEIwNmcT1i5EtCIl8Vf2SOaWxhX'),(60,'Slayde70','098F00FDCD990DE8745155A1EB3540DD75377541','336C24D46C0037FC184E138A4C29B976308418D7338FDFDA63384F72DADA02FE1EC649153C2A58E5','0134DC38A18AFB2052C4F9D37753AE88D4BEEFE96F4A20BBE74B480893AB214C','BD0AB0E64A66D2C479767889CB9666FABC187BEBD55628285749E6CFF460FC77','','','Slaydewow1@gmail.com','2013-10-21 21:19:12','71.197.253.182',0,0,'00','2013-10-21 22:21:14',0,2,0,'','',0,'Win',0,0,25783,NULL,NULL,1,'OCOcXq4lqvER1YCuKsbCdI1Yvr2khU7sJkncAWew7TNBgHf9li'),(61,'Andrejus','6AED9FEBB722988EE81BFD36056E8D23335688BC','','','','','','Sparta654@gmail.com','2013-10-22 14:08:58','127.0.0.1',0,0,'00','0000-00-00 00:00:00',0,2,0,'','',0,'',0,0,61536,NULL,NULL,1,'3RxHIE1Vndk86fPP3rHJ2a2z9vHAzLvlOiCZQcW4DaPqyYwFuv'),(62,'Dom67','42CD302E498B119D73FFF849AE2F4B81500AA79C','985CD98E225439B887DB1D9F49C23C286935EA4E5B2DA7E0459C332D556053AFF7601083946982FB','3EEB669CD8BA5EF225E7A3C92D0588E0188400FD690F31DBC1C274BF627CAC46','82CB6E475420ACC4EF1C214694DF7FC58D9BA11D9B6289F9D6B7B667E4B5A73B','','','Dom67@freemail.hu','2013-10-22 15:45:30','87.97.88.11',0,0,'00','2013-10-22 15:53:31',0,2,0,'','',0,'Win',0,0,20783,'1',NULL,1,'Uqfa77sjweZPBHXsQbwAIVQx3ariMdTqpxDagFzUeCe9LU15QV'),(63,'Goma111','AE38C1267317F7FA09A7778176E8909C73D9EC30','','','','','','Alesis-123@hotmail.com','2013-10-23 12:13:30','127.0.0.1',0,0,'00','0000-00-00 00:00:00',0,2,0,'','',0,'',0,0,79793,NULL,NULL,1,'uPlVRUAJwA3MobcgtufMrLIHDf9otOLH6IcJmBe4ZXfwt3Iasl'),(64,'Lacajoe','7B22E746A2C74AB8E9D65F79F27CACC55A2ABDAF','A92F8ED95186D2882F4E90FECE669BCC3E840D4B508D4282466018CCDE1781E3F76DD7A36F14B7E0','277BF2383F82A80F9ABC8BD03B0414E0198DDAA04B22BE77746CB566E70C96E7','FD85DA7AEAB9B037254A09BEF2C2056E4273C55DBD3DDFD04D82C33957CCAFBD','','','Lacajoe001@gmail.com','2013-10-23 12:36:06','89.135.105.1',0,0,'00','2013-10-23 14:36:41',0,2,0,'','',0,'Win',0,0,76302,'5',NULL,1,'PoEeQ1qQR3PAhIoArHGPFPd8gjalfJGfGXSK5mqlmMzggQYjoa'),(65,'Foufos','39A89C5DCF6109D90C48F618C32FC1A9A1648483','','','','','','J.rense@mail.com','2013-10-23 15:07:05','127.0.0.1',0,0,'00','0000-00-00 00:00:00',0,2,0,'','',0,'',0,0,34819,NULL,NULL,1,'dVXcOfk5VC59AjPzefRQHqcWdVoP5RwNmoKtxGiuwF8TqgME2S'),(66,'Reza009','815943FB8FB98D01F378CD358FF0A4921258DCF7','D5B2AFC9219EE8B6FF090277144076835FA8DAF6F2499F6DDFFC5A6BFCC6556946F5A60F7EB6C2F1','7E979C4D8CD8B691D0ED1759F93BBA23685C1976C0239C7662FCB365CF5C5705','8AA5B8FDF7B00704BC7725470E7752669E1690272AA2E8D9431EE63A8F6CE13F','','','Mo.gh1995@yahoo.com','2013-10-24 02:20:22','2.145.128.236',0,0,'00','2013-11-06 08:16:08',0,2,0,'','',0,'Win',0,0,54343,NULL,NULL,1,'2wQWUmDHbJwzI7oTIi5NlWgolK3LTqdobImL3c3LBZfF1Ck9Ex'),(67,'Rezaziba1','657C4C126CD70EE3615DEA7506946C27AE8B6293','','','','','','Reza_ziba@yahoo.com','2013-10-24 02:21:47','127.0.0.1',0,0,'00','0000-00-00 00:00:00',0,2,0,'','',0,'',0,0,80110,NULL,NULL,1,'JkAx6Ak6AbFKDd6OlnNjkwAIdhqLjUjcahgJYuQsyfg2RoPShX'),(68,'Ichkata757','813170CC923977C876F290F1C5BC250F9EC7312D','','','','','','Darrkkanggell@abv.bg','2013-10-24 14:19:18','127.0.0.1',0,0,'00','0000-00-00 00:00:00',0,2,0,'','',0,'',0,0,36306,NULL,NULL,1,'hlStfwkqJ29iqxgQD1As7ECDLCoKhuW91JbIdb65jIPEjAmunW'),(69,'Sean','C126DC4E505910EE6C78BDD818E50FF5F73C4AA0','3C9927DD5E7D014DAC9213555D94DB21390DCE47D0FD7E403FCE05E8B71B7D2CC4D0CF428805B1CE','7A573ED3F9DE8CE968E5827B466E848BBE56646DED86181C86B381DDD41F9689','832524F54268DFD0774F71BACD96741F2D22520A08DABAEF14B434E9F90A9CAD','','','Seanj16@live.com','2013-10-25 11:55:24','69.253.88.241',0,0,'00','2013-11-05 03:22:37',0,2,0,'','',0,'Win',0,0,13667,NULL,NULL,1,'TCuiZq737hzbGciiklwvP7g4pgeap5pRhOXw4w4Ai9mspDg9Ko'),(70,'Isasexa','430B548D75F87C75A9A78B9624CE3718AC78122F','A70A006A6734CA2ECB94E1B114CD4B2CDEDEC78EE95459E9E01CC261DD7A2C5B2FA697FC80438B46','1D2546C21BD0312C514E1CCDDFC0D375E311DA682B055BF7B3731C0BC55EED8F','9E086FD8129C87FD88EC36DE2A2F5BF5157013BD1A85B1A9491E0DE4B2496E69','','','Isathebest@abv.bg','2013-10-25 12:26:51','93.155.211.88',0,0,'00','2013-10-26 03:34:32',0,2,0,'','',0,'Win',0,0,84451,NULL,NULL,1,'VFIyLAqkCFAxTUlyn6uuH7OBOF6h6st29uthoKqaVeNMR88FmK'),(71,'Powagg','15E78C2AB37A6BB5F8A265D1042AED3DA0F0620E','','','','','','Powagg@gmail.com','2013-10-25 19:16:07','127.0.0.1',0,0,'00','0000-00-00 00:00:00',0,2,0,'','',0,'',0,0,14050,NULL,NULL,1,'ZOeDNnXRnFXedhhbkqV8oQkfkhuKjCzwfBLbktoOsWTXk4aEKB'),(72,'Famelolz','2254472E6012EDCFBC2A216C7CC00EE38A135850','','','','','','Denis.m1122111@gmail.com','2013-10-25 22:14:31','89.201.248.28',0,0,'00','2013-11-07 00:49:40',0,2,0,'','',0,'Win',0,0,79544,'7',NULL,1,'fo9NAR1PWvGa6QmmVKiUtzEIYg4gZf24z73KkjjAOM721aFLQI'),(73,'LoreKTxl','1DF5A72B251B296327820D04E2A691910A1DDA11','3DAB9D21718A875A64A08D6F5CAA46AF70F0535640BD75D1F4C8C47C4FBE0AFCB4D03DB85197ECCB','546DD6862BB24AE8FA6CB8D2B5FD809132DC4C807E9E5408CD75F0AE2932DDAC','BBC7AB7345BF0EF596D6F76C325463987EC3F8549E1971D55F47FF74E1D80271','','','Bhoff85146@yahoo.com','2013-10-25 23:31:05','108.202.254.143',0,0,'00','2013-12-08 18:10:40',0,2,0,'','',0,'Win',0,0,44805,'8',NULL,1,'bSQhVfcstXt1iPoZs9i5Bii6u7gGZEiSsogoL7gSEh9MmmyVcA'),(74,'Dabbin1','9738091D21D452BDA001C18AFB0FAF923B59925A','AA8A9893C45822CCEB5E4A6269CB32AB3786D97AC62CC02A2E72794DDFF266AA5464963900FF1299','4EF0EDB3859512E274F8FC15ED9CB8CDC2FF1C6FAB288660E556996708055EBD','B90345F8B08188C45C899EA7A123DD11FD20DA068C648A15D27859309A549AF7','','','Jocke93@hotmail.com','2013-10-26 03:51:57','193.12.33.227',0,0,'00','2013-10-26 04:40:37',0,2,0,'','',0,'Win',0,0,76040,NULL,NULL,1,'6LM5EJeAa24wGLGe9vbzcEY3usP5OLtbxkDYgzNkbusG8Gaqhk'),(75,'Hussam','EE505C77E38384AC27A68481FF13A340362D6598','E598C82322E04549EBC794EAA67C2F87B120FB1E47A9A141AEC9F6E814AB05330BF021815EF84D5E','0141AFFF298D147271921F95EF88E63D749ECB47EA060FBFD0D42C765F60104D','D055846E1F44FCD235B91E52D1E8A5F475F66C0F3DD2A74D485FC78511785153','','','Hussy-rox@hotmail.com','2013-10-26 04:21:45','37.9.58.117',0,0,'00','2013-10-26 04:46:03',0,2,0,'','',0,'Win',0,0,68714,NULL,NULL,1,'hFDYPXVveoA2gO2IJQtnQ1eHPfVGjUGJpd9aFU3H9dhq9s3Yx3'),(76,'Ajstyles65','FBC86C5932014A24E02BB04E8755BC4A26454B93','BD2FD8B9E744619A2CC6BFBCFE818A95ECFEE1D5B29D3B0657FA52D25937E4C0D7F61321BE9DC324','7A817AA6BD1096EE37415CA2E6E5733DFAEA4010E6624120F5B101C7DEC0B250','C72B854CF881BF3D998275E25C5D9407DCED4465FFB1B29605185A64F52510CD','','','Ajstyles65@yahoo.com','2013-10-26 08:12:25','50.90.233.77',0,0,'00','2013-10-26 08:38:37',0,2,0,'','',0,'Win',0,0,23808,'4',NULL,1,'YfY7gPgDMgv93kqMtpmwcYQygzu5OU8a36GK4vsyorZVBSE6TN'),(77,'Zpoing','F942F7ECED1F27E5F66829EAEE46B35E08D2B78E','','','','','','Gubbiface@gmail.com','2013-10-26 16:07:18','127.0.0.1',0,0,'00','0000-00-00 00:00:00',0,2,0,'','',0,'',0,0,45666,NULL,NULL,1,'kn8u6yA6epbxbXZcGKYkyNWQkxbf6QpEGOO9hzztSH2QNAOVjZ'),(78,'Dynamohasgame','B7481568C30CD93A70FE42B6C762272167858B89','BEE83E0B4C78DDCD33B9EC563502BA25FBB053E9457E4E6AF64CEC81CA6F26897C895D34D2ABF4E5','13D4CE87A60192A60D90CF016D1BA600160D19B3F241C15F39D05DC320E6ECD3','F70F5E1DE8DB7E3652323AA050E0565E32982FF441408A2F5C1BE264EBF6B585','','','Dynamohasgame@gmail.com','2013-10-26 19:14:39','108.12.239.18',0,0,'00','2013-11-10 15:30:42',0,2,0,'','',0,'Win',0,0,85430,NULL,NULL,1,'m5o2vSSKhKyWpGH1nYUBQGJFxb2sRKrD7XdCKmwlxYEjtCsV5Z'),(79,'Mankoxla','C2A545843F431C8C173FA65DC016A4923431D0E4','091686ACF6D25B3F3641DA538F0231BCAAA5E911B577B8781E0EBA956E18AF1F697B9AAD5384BF63','2418F260302C0F9DED81C510EF57BCFB3B079282389CE448264A024724E4D65E','8E5F6C29D2CE11E999ACE430525E7C3DF67D6CB6E7E74F432AD02D7C5EAE9B61','','','Diego.kuekero_3@hotmail.com','2013-10-26 21:35:05','186.78.110.51',0,0,'00','2013-11-24 01:34:22',0,2,0,'','',6,'Win',0,0,40569,NULL,NULL,1,'atv3QwxEtLhtkY7jiVHSPJ8rUkOsZ9sUSaujcSqnzprP74rqBq'),(80,'Pascalvc','CBD9E654A7D645D65CABEA65DE2ACB3FA8D4EC2E','','','','','','Pascal1988omega@googlemail.com','2013-10-27 06:10:02','127.0.0.1',0,0,'00','0000-00-00 00:00:00',0,2,0,'','',0,'',0,0,18588,NULL,NULL,1,'1bYrsCPfafrbJd5xGiBn7o6thBBoI4kPYJI3bfZFUypO8bGlSh'),(81,'Yoni456','64765760BB1A5A7A2634A4F3408397FD35C3E85B','27909306BE9C43FE9BF7F02E1E44F029ADDA6EB467D065EDC7B29D5EAD17988DCCB06C981AB7380E','435BDC8248D0C47D539B070C51758637F605F1112652918E1042A9F210449491','C99B7F88DFDA849242AEA775032AD1466F8FE803691372C38FEEFF18127945A1','','','Yonistier@gmx.de','2013-10-27 14:53:55','84.166.212.184',0,0,'00','2013-10-27 14:55:33',0,2,0,'','',3,'Win',0,0,37226,NULL,NULL,1,'GEM26ZZwTjCGzukFNOja82hplMZadhkLE3n88pKSQtYTkmb5Jm'),(82,'Bboyz','1FF2976CB2F60CAE80CE501F5332973E51A00D05','','','','','','Bboyz27@gmail.com','2013-10-27 15:47:22','127.0.0.1',0,0,'00','0000-00-00 00:00:00',0,2,0,'','',0,'',0,0,74092,NULL,NULL,1,'aw6Wy1r7fpJIdh5CcfSfb3d4OOsekQzgDga7xa1VWBskb86FDz'),(83,'Icoo','3FCC75E26A0052898B4FDFBDEF02FAA3A128A88B','30750318B133671C6A2B9410CB3A22155C09021D76C04DCDB6D735F8B386AD18B6F2BD1488E36042','3C81293827C1A0E46A60EA4705FFF436628D1D9880609BA2A5077FA7F9EC807E','F8BEDB2E4D7059135CFD56AF5F69C88F6D39F852DE5ED07F7B6A6A926EFE79FB','','','Funnyico@gmail.com','2013-10-27 19:42:22','84.1.242.7',0,0,'00','2013-11-02 10:30:23',0,2,0,'','',0,'Win',0,0,53345,'20',NULL,1,'iKrw1jZI6HBziquNb9uV98OWJJDDxLb6q9GykpdyMWupocLbwk'),(84,'Todor19722','A549B96DAAF671D2E9FACB79E156ED9CA13725AA','','','','','','Velichko1972@abv.bg','2013-10-28 11:00:38','127.0.0.1',0,0,'00','0000-00-00 00:00:00',0,2,0,'','',0,'',0,0,46455,NULL,NULL,1,'hCfjGXP9Dbzl3OyWaEuaMveotfn9RFi3Wz2bCv8XC3x6w982NC'),(85,'Morcek23','EB20508DB162F4B9E58EE205BC9BD7AC58715D79','','','','','','Wrobel_23@interia.pl','2013-10-28 11:30:17','127.0.0.1',0,0,'00','0000-00-00 00:00:00',0,2,0,'','',0,'',0,0,42075,NULL,NULL,1,'b5Jmxy6Vfcg5aeQfOY79JN3Pw3JkMowPTbBUC6y59b4YBT1oPS'),(86,'Osoxxx','58838BAB63DCB33FE40506CDC3950BCD2CD61E21','34930E95EA2D2223C90F667F84B36BEEF111A6482E38EB62714526176493485E541B5A5D73A1B1FD','63F983D0B7FDD223CCBD2EC2963DCF47624A9C845A619A1CA0D0B050784F6E18','9936592D98432A63B951619455730C02EA1FE00620B05971580BA21B18492CA1','','','Xyunax_18@hotmail.com','2013-10-28 13:13:31','186.89.90.205',0,0,'00','2013-10-28 13:16:01',0,2,0,'','',0,'Win',0,0,76736,NULL,NULL,1,'rFRZaF8ZPKgb7TzEUP8mP7gPyMtVm31vtz7vlFqM5Nudfs8NnC'),(87,'Mikedej','6A111F3D72333696BA979C1AA90526BBB836929C','C2F9EA6C771208FD1B65FE377BD585DF453EC522A1245F11AFC139DFE409A93272E7BF6969A898A4','46ECDA2750014269CE0A1C27C6DF92C5E8DFDA230F8B9F6C6C1DCA453FF1BB72','F783B25AE13AD6D46F6D80207B03954ED273229AD894E11A71B839D62C400559','','','Mikehdejong@hotmail.com','2013-10-28 13:29:27','83.81.204.14',0,0,'00','2013-11-23 16:32:45',0,2,0,'','',0,'Win',0,0,57993,NULL,NULL,1,'1gRZm3xkzohU1hp8VcPyDIWHIxE66yG6jI5ZcqvxOLQIHg5psz'),(88,'Kiiker','C39E4DD9EE276CBC0CEE7C854A5F90A9F68C9CD7','','','','','','Brandon.kiiker1@gmail.com','2013-10-28 15:12:00','127.0.0.1',0,0,'00','0000-00-00 00:00:00',0,2,0,'','',0,'',0,0,47104,NULL,NULL,1,'g8JlKsbvmpKPsPhnTaeQxXbovgMhtDGpI25k4jpJFxnrlcuuEs'),(89,'Klaun121','125B44F54511376FF7637901BC538C0AA410CC6F','','','','','','Snadaj52@gmail.com','2013-10-28 19:05:51','127.0.0.1',0,0,'00','0000-00-00 00:00:00',0,2,0,'','',0,'',0,0,65117,NULL,NULL,1,'wiPrgmk86rGjL2KKP3opYWyrG9b4GxMlXSTIlU7p7PclahgVpn'),(90,'Shaney','4B7E19D2D7A4359AF326E5EAD7DF2E21F1522978','EBD3EA068CA62A49A65470500C68AC2286E32043AB8DAF36BF6CE5CFBCAE3AB3227BC42927D66FAA','431CCD01A8F3D7499560AE3AE7209F8D4ADBCCA298EFFD934206C0128B2AEB4D','E6E09AE4F66877A30BF8FE2521FFA41553FE167E6E09A41B6C2EA4C459486005','','','Shaneypoohrocks@yahoo.com','2013-10-28 19:48:24','98.81.105.22',0,0,'00','2013-11-20 19:05:11',0,2,0,'','',0,'Win',0,0,24880,NULL,NULL,1,'yWax7h5LAn8iZJxewKKGQPKgTH2kZROJP4ILOH2HCBKDgjjweN'),(91,'Reillytarrant','70F62853A7C3CA68CFD81662332F200929910710','AE3291CCA1D90F3F70CEF87707A2AFB7D038F0BE9C9029130320EA0E29F41CA5A0428DBFC58E8ED3','2BEE26CFFD2C09BE4472F83CD57724A3D55733707EFA72CEAB4B341FE3A3C4EA','FF96171AA24EBFA88F05745F1AEDB74DED681812176703501821E8CADC4C42FF','','','Homer_12321@hotmail.com','2013-10-28 21:55:45','110.142.137.148',0,0,'00','2013-11-01 04:18:58',0,2,0,'','',0,'OSX',0,0,78474,NULL,NULL,1,'YCiTzQX9hg5d3BIvDr88yvRvG4FbigLWIaIACJOsBsbvayRAIM'),(92,'Desterny1991','5ECAF690B5F6F65B8AAF9A134A74D99CDE975607','926E7CBA4BCB199B98F8BC00C562E31934683C1F722CFBBF1A8EC054062EE94F5E2FA038DF5A4379','24B49145A03D016917A2B6179ACE7DE5C2A5E74140CF8A8E270DB3C20E4785CB','ED6921966CA6E3AA7E6DADD404FBB49B392F603D051C2269B561805EDA965D4D','','','Philip_Feltes1991@hotmail.com','2013-10-29 00:36:26','80.137.135.39',0,0,'00','2013-10-29 07:51:33',0,2,0,'','',0,'Win',0,0,23252,NULL,NULL,1,'DeutqYJUsYUEIwNmcT1i5EtCIl8Vf2SOaWxhXsek7q9Spd9m3N'),(93,'Srhmage','F843CBD9909D18977BEE88856402D11E0EB1DC6F','','','','','','Spiderpixie66@yahoo.com','2013-10-29 17:04:41','127.0.0.1',0,0,'00','0000-00-00 00:00:00',0,2,0,'','',0,'',0,0,49661,NULL,NULL,1,'V93whFDYPXVveoA2gO2IJQtnQ1eHPfVGjUGJpd9aFU3H9dhq9s'),(94,'Batausul','529402B66591FE6E7F17E1446D7FFCEC282BF3F4','0719EC89979623E7FEADA857EF6C17B6406E0B5E4C3871A67C24D686539FFBAF820D9B7A9CAB145B','0FB4D33A5C0AD9F6647193A0E5816D54B1C25E91F121132EA32787F26A782C0D','C31199803187ABE7735A8C5B4FAA98F64A27B107E6468F984E7E636B4D594E85','','','Razvan_0627@yahoo.com','2013-10-29 18:46:13','94.176.217.199',0,0,'00','2013-10-29 19:40:40',0,2,0,'','',0,'Win',0,0,56682,'5',NULL,1,'Zm3xkzohU1hp8VcPyDIWHIxE66yG6jI5ZcqvxOLQIHg5pszy9h'),(95,'WhiteDarkrai','9886EA8D40BD7DAE180768F7982FD6AB69BA3305','32254649B0706792A195ABAF34DE3C0170FB2E3BD4C493E2E2173EB033FD8F1E85848E961FAD7EE7','6EB905B8AB59547AC1F885D2E9112675D09AAA27B73A90FDC52B3B47EB09576C','B2CE50390119BB6F409E9E927C9972555837F45BE98CC43728725498FA98BBC7','','','Keithd94@gmail.com','2013-10-29 19:37:19','75.143.97.55',0,0,'00','2013-11-02 09:34:52',0,2,0,'','',0,'Win',0,0,62896,NULL,NULL,1,'fp5Ft8Du6OcUXmhkLQsgoIsLiNGOoL6sJ5wjqnbvjWZLLgtN8u'),(96,'Dallaskempton','25A8D11858AE73CA00FCCC7F60BD23BCB8F77970','E2715309B88547A85F8F46AEFA8B4C92F9F429976549961DB631E27D8724E188EFD722F01D194CFB','3B032540F0AF85B3887550F25EAB2F8FBFBCEFFD7D1F23828995FB3B5D79843D','ED65C12EA6CB667D0000A673177F14571939A78CC72565AA8E6D57A73BEAFCE5','','','Mustanguy0@gmail.com','2013-10-29 20:15:57','174.103.247.87',0,0,'00','2013-10-29 20:19:13',0,2,0,'','',0,'Win',0,0,60708,NULL,NULL,1,'Ft8w8E9xRWWKwVwQT539BwVwE7EmU6UcZrIkKemjNpAQZASfWq'),(97,'Mferrill','CC63F548EA199473EC8DA008E2BEFF27551CB106','FB67B4386F9BF7701356B6C2FB08AA6F3BE1121907722F2E1B770797C4BCA062FD3024FB51506E01','3ACE8565AE5F03E7B07F21D8A4119A42B8FE8A72B5A492CDBC1DCF2310E69586','91A8773758C0D299CBFB5F20E3DD03628B40F11CA13B5FAE6CC545E35E8110B1','','','Matthew_ferill@yahoo.com','2013-10-30 12:38:38','68.200.122.123',0,0,'00','2013-12-19 14:09:26',0,2,0,'','',0,'Win',0,2,28501,NULL,NULL,1,'nWK64OyQmVuStXnHYPcBuiBDm4KAxWn25tHiT5jIDNPqCQmdxC'),(98,'Frederik42','C58D7D7CBA84DC939559ADD2E5B8E978EC8393AA','C2B6AD0CE4109BC8CED00812C24FC3AF2FCA6E9B4E4FFDC5EF5FC28ECC85BF19B548EDE459DC9D33','10EBD5D783CC3DDEB20020848D4B6DDD15271DA285A08B9BDA47228848466FF8','84E88F443082C76FD834293F1C65A5CEC6A04F59942851016D170C74E9266BB9','','','Toppersteen@gmail.com','2013-10-30 22:02:33','80.208.55.147',0,0,'00','2013-12-03 05:56:24',0,2,0,'','',0,'OSX',0,0,40884,'25',NULL,1,'Bh27KmnAyurgCLVroM2wTdOxziQiWipKS6ksETpCRG9nS9HwoY'),(99,'Test18','4D63FDCAF495B0497ED7130D9AD5555791CC45F2','A2E1D390FFA278090C03D25E8D8DCE8E703A588F21401FDB799427325DFE892E5C1A89EB40ABFF4E','6A0B50594BB4087D18CCAEE4380CA351AD550EA5B1DF4C5A38C14D22F7B6A8D4','DC62D3D9AA95076C81872F54939CD2458007C57FCE717B8D88797ADE7827BB83','','','Carmolino@yahoo.com','2013-10-31 14:12:47','109.166.129.218',0,0,'00','2013-10-31 14:13:17',0,2,0,'','',0,'Win',0,0,31050,NULL,NULL,1,'Cepkda4nfxBUOH2TyZZMjk6SwDtJja2DwlEdGAn3qJFQzDlU2W'),(100,'Suport','0A7157EC86E4B5BCE0FA0D1E3026629087D59CE5','','','','','','Jfcskonto3@gmail.com','2013-10-31 15:12:09','127.0.0.1',0,0,'00','0000-00-00 00:00:00',0,2,0,'','',0,'',0,0,15593,NULL,NULL,1,'c22PeyviW7QChZqEOMHGzeXOc9wuSnf8HnwEKoomxO9NY8mpK4'),(101,'Ursula90','7C109E49F5F94F2D81F9B7BBC5ECE1DE5A915D35','','','','','','Tudorvalentin90@yahoo.com','2013-10-31 23:35:19','127.0.0.1',0,0,'00','0000-00-00 00:00:00',0,2,0,'','',0,'',0,0,20078,NULL,NULL,1,'S4dd1kEqWvSVVbVPWafijTgzlRqqL4lhKFniVQ7ONRugAKWjMO'),(102,'Sinke4','C330256F561329398AFF213952591E1B0020F673','A0488E2E85D66E74B44E42D7CD8AF5D412F17BA6ED7AA5C2C576B392902C4761974466DC5856F148','3F61353683639522C246F82E3ED72A7D14262809B1B74363B5AD76ED4D751244','95B931D26BB4EF47EAD82B9CC3873D354E2ABEB42D1179C9DC9CAB2E0E42FD41','','','Sinkews@gmail.com','2013-11-01 07:59:18','188.2.204.136',0,0,'00','2013-11-01 08:00:16',0,2,0,'','',0,'Win',0,0,59390,NULL,NULL,1,'JG1uGAWNC5ybEW6bezvQibafivK8JuvrFIpbBLW9uJ3pG64FnR'),(103,'Crewko','24F17C0BFCD95673D8006C9E102463653352D524','40A568E8A258E33C9515DB73FFE74F653BEC59DA3F74FA3C3ECB730924F91F648F941FB77ADFF76C','5D8CF7289794257C2F22C06B22692DCF75A77A05AD1C859CD5391DF4371EE5F9','EEFC266C17644A8E7F55571A9E0A2049D0F7F7F45CB76E921DCACED2492B6F9D','','','Admin-crewko@seznam.cz','2013-11-01 09:21:48','88.146.152.218',0,0,'00','2013-11-19 12:14:31',0,2,0,'','',0,'Win',0,0,88111,'20',NULL,1,'eOG1lixLKIODY32F862frW8EXfDwlrYaPW9r8cep6mhMeBwmX3'),(104,'Sata22','25271ECE3DAFE3006907DC6A8B415E02C39846B6','','','','','','Elias_Arancibia_19@hotmail.com','2013-11-01 10:08:56','127.0.0.1',0,0,'00','0000-00-00 00:00:00',0,2,0,'','',0,'',0,0,41919,NULL,NULL,1,'zw71TYneTYbZRCGbTO8krkxzrpqdljXifRN4VVbdgPpolkjCnb'),(105,'Davidmate','623872D9E0D1F0506FE7CDBE293327B7E529759D','9D3A6B0CA4D93AE1590B4C6DC727DA90AC50D82E589FAEBE21B3880D51319A4CF36801D9E4252536','152CD1FFDA346070AA239836921CB47C93FDBBA6E7446808A547F8C64022B0EF','C2F2E0F8841E995F920F2916E7D6200DED7B34EE37AE85A57B36CB79BC4EA52B','','','Davidboy98@freemail.hu','2013-11-01 13:35:41','81.182.123.91',0,0,'00','2013-11-02 13:16:00',0,2,0,'','',0,'Win',0,0,21396,NULL,NULL,1,'oJGfSOLZhPRAIApAHdlvCk3mHZJ7WFKWaoGrAjtyhxyHunNjwn'),(106,'Deadboy02','E2BDC9B18DCB175E1ADD11D0F07D96FAAFF0103B','','','','','','Szalaimate03@freemail.hu','2013-11-01 13:55:46','127.0.0.1',0,0,'00','0000-00-00 00:00:00',0,2,0,'','',0,'',0,0,12368,NULL,NULL,1,'vJKeS34PMkxWz8m4BUysZXm6LDFpmbtlemvEIPZ6cHckg7Yn5N'),(107,'Keyano','F7BDAD489E6C8ACBF8FBE289545A1DFB9B022C72','765F6404F2E483F70FBC4BCBCD1EFB4E64B052F0FECE441BADA0FBB1D79A8330C6F1B76180C66A7A','53B1F2385B8852AB6798EA507069C7712D3602B338E2A992C32D79A0B533BA4E','9FA2C495C288021CAA61DFAF549241B4F48487FD4EC41D322C467D7ADB7F92A9','','','Grigorie_andrei2007@yahoo.com','2013-11-01 14:30:38','79.117.157.138',0,0,'00','2013-11-02 13:46:54',0,2,0,'','',0,'Win',0,0,13659,NULL,NULL,1,'YoHIEoauSA24qS5GWgxJSiON7xvjEENdAMLR4br6u7s5tuRVTd'),(108,'Corynlsn','9A3986C3BAA973E7E1B5E8535792E801B18F1356','84761005D8960350E6CF888DDA9CF294AA4EF5F99B770F39375107A3BB4ADB763E9249970DD4DED4','6502BAE69F1F4B19D16380C7D145B7ACC0C48EAB40584E4C4B2985CA833DC1CD','FF9F6E8DB67BF0E2F069E1DD72EA6C64C9B8E15C31810F49DB55DA5199A7712F','','','Games.corynlsn@gmail.com','2013-11-01 17:22:28','67.199.172.204',0,0,'00','2013-11-01 18:51:32',0,2,0,'','',0,'Win',0,0,48005,'5',NULL,1,'jdkUsgl5yAQnwqN6WgftU9jH3l6ahjUSAisjdhJX1u5ICq9PEj'),(109,'Paganidol','4A030E1200CACC98E881B5992F559CD898CBCCF4','D457DEAB9AEAF449CF307CDAFFF05F14AA21E8DD39E58197773C4A17A4D27E73AA89763091803C71','45F1439940070E933EA7677C4FA0B0E26B11DC29375C3333C286F1F4D6AC80A3','D19231170998B61BF6E998CA1ADC204E5061DB46388B5F522BC85B6CC7DB5DD3','','','Giordano.industries@gmail.com','2013-11-01 17:54:54','76.99.67.37',0,0,'00','2013-11-01 17:55:57',0,2,0,'','',0,'Win',0,0,71243,NULL,NULL,1,'96oHFyTT7SP52CMqcNENdMDEcGessrQiwugDdHntyQdxmHq8as'),(110,'Dinoibric123','BF66342E9DF4D33F966D36A3A7AFA9A3A0B4C914','','','','','','Satankoljac@net.hr','2013-11-01 21:37:52','127.0.0.1',0,0,'00','0000-00-00 00:00:00',0,2,0,'','',0,'',0,0,73860,NULL,NULL,1,'Ye3nFr6KakQq1EBMZGj8rItVCQ3QbVM9ObB9bgfAXorbJPtQwr'),(111,'Takl123','A212E5D077EB54F08CF5B32A73BC6A5AEA9621DB','','','','','','Gozo539@yahoo.com','2013-11-01 23:51:02','127.0.0.1',0,0,'00','0000-00-00 00:00:00',0,2,0,'','',0,'',0,0,36008,NULL,NULL,1,'OgWPJ2g28xRkbrhmtPaAjJhUfFxkY16NKQSal7do6kIyUlpOUI'),(112,'Aktaion','A8266B8DF34F3A26CD89E9DBF8C9D1CE75861960','774E60AFF4C8EFE0EB8BC908CBDCD8A38D3385E7D098114F4AB7AC4C49F9FFB24426F4B78DC7D849','77A0A649E0815D2A095F27F8212741E5374BFEE4E4CB5D4ECF0CE194E7FC130B','AE801A482E6832765706D1E874167C9E0714370FDA7D301695BD4051C13BEA4F','','','Eduardo_9713@live.com','2013-11-02 21:21:37','98.200.44.62',0,0,'00','2013-11-02 22:20:49',0,2,0,'','',0,'Win',0,0,48372,NULL,NULL,1,'gBoRHjumnYs4JjSRbarlfSXWYLdUQ93TOU9SgEwbyu7423AUPc'),(113,'Rokata123','E4B7A81AA9CCEF380E95770CF119303180326417','','','','','','Masakara@mail.bg','2013-11-03 06:29:21','127.0.0.1',0,0,'00','0000-00-00 00:00:00',0,2,0,'','',0,'',0,0,56961,'5',NULL,1,'U575Ufm7CBWMiAdPcBB8zSVamUTkdv7fyuHHzASXbxtoXKMQ2w'),(114,'Manael28','E826450FD9CDE425D45CD84509C83ADA08ED9A38','','','','','','Roadkill199814@hotmail.com','2013-11-03 10:27:32','127.0.0.1',0,0,'00','0000-00-00 00:00:00',0,2,0,'','',0,'',0,0,44929,NULL,NULL,1,'jDW2pGEptN8BbiIWQTVjqbk5YNWKWJAXESy6mzDBk4sZIkKqdc'),(115,'Eristock','D268421F2CA618EA13E48A3C7E84D32E8A2CF8E5','042B403304B6D17DD2993C8768D0BEE79DDA9594D497413CAED32DE86797EBB180BDDF6EE78E7CE3','84EEE776EAA71D53DE3F4C62A453FD35076B55DB068F651E5B33BF3FBA89600D','AF205B6A89E188CDE7705EED7F7961D2A7CBDAA2A8E7828467EAE4B5719B09AF','','','Darkblue971@gmail.com','2013-11-03 11:23:13','109.62.76.62',0,0,'00','2013-11-05 13:11:23',0,2,0,'','',2,'Win',0,0,26894,NULL,NULL,1,'i8IWrhAPbWh2fQeU5iOhxaNmUkXQdlvObU3r6lStXArbAx7ttE'),(116,'Prudentleech','89DDECCA0908E9F28A412925E0985E3BEB6A9E75','206903515691776B6C725F5AABF6C591B172198F0B91C6BAB4A244D9CDCC4CF713D9E59B6EA1A875','2B4EAF6682EE96776E4311137042377EBE660CFD4C93FB32AA20A204ED04A0F6','E04E1742D0E9D4F589F21F70DC2892A54DB6EA698ADD398274C1B76DD131164D','','','Julesm@live.be','2013-11-03 12:45:29','81.244.178.49',0,0,'00','2013-11-03 13:23:43',0,2,0,'','',0,'Win',0,0,24348,NULL,NULL,1,'GXSK5mqlmMzggQYjoaluxpYwFi9pkaHmJ7Nnvz4cRzpHrvqoWt'),(117,'ALAN12345','D7C1781F0936188FE14B594821EE1FD6435EF8D1','48F8C2A9761F874808EABECE985A9A6EBFA0545CCD77CE8EBFDEF474940B4ED6C5E0744C81C6EF17','7001DAB635EB972423D108391D6E8756464D0292B873C5E12F5749D5517DFA71','B094EE1D9B5F669A50C1BDE2D3FDD59093AB2EBC115D181A57958ED10B21D3D7','','','ALAN_TRINDET@HOTMAIL.COM','2013-11-03 13:39:40','190.181.46.143',0,0,'00','2013-11-03 13:42:31',0,2,0,'','',6,'Win',0,0,81016,NULL,NULL,1,'t29Bka7uTbKbBCmAPwy8PcxVavASOvyp2UYVUwiD1n4b235JvV'),(118,'Pearson1984','2C655B1598C9C0C29B71BCF8F7355BBE0F8E282C','503D240E95FE69A736EF46BE3492C736125E0067F7033E94DB8168A5D6AD9C03A9B8354BED35E29D','4777096E4F04DAD62BF030215A51E6CDC6BA683264FC5903E91E68DF9BB06E66','8ADC34679C75183290A6D6D152661FB07EA3EF17CDBDBCDAD101FCA3E9D3C14B','','','Pearson8440742@gmail.com','2013-11-03 22:23:53','121.219.138.45',0,0,'00','2013-11-03 22:25:47',0,2,0,'','',0,'Win',0,0,32551,NULL,NULL,1,'3bfZFUypO8bGlSho7ZhGzKL5CLPRJT9tSKtBrhyJIpkmK2Rx1R'),(119,'Odyzzeus','C57B12CF00D90E06E9C1FCE0EE4019599D7D0540','','14DE015BF6ECAA4DC86D54EA5F374DF505C9C74E4E1753BBEA7B1070CFA12886','9BA62AAA98CBC137CA3B88484199D3118C34F6ADF34E3A79A12CF2EB46090B17','','','Parvugames@gmail.com','2013-11-04 04:16:02','127.0.0.1',0,0,'00','0000-00-00 00:00:00',0,2,0,'','',0,'',0,0,84529,NULL,NULL,1,'JyorNaIDZzSYlgAlKST9taBmQ2kZ8FdaGLnDEo54d3us4tH26e'),(120,'STOREMAN','5049C6317E08DC6AA7B4B337168326CCCE037D39','','','','','','','2013-11-04 04:50:07','127.0.0.1',0,0,'00','0000-00-00 00:00:00',0,2,0,'','',0,'',0,0,NULL,NULL,NULL,1,NULL),(121,'Niklas199828','59339DB95FF6EA8CC08C07318D6CE88FC18FF896','','','','','','WoW-niklas@hotmail.com','2013-11-04 11:59:39','127.0.0.1',0,0,'00','0000-00-00 00:00:00',0,2,0,'','',0,'',0,0,40998,NULL,NULL,1,'Z6fS2v57Jl63iFCmJ1v5rSsNsfENpwg23AcgZHtM7fg8k8TzQL'),(122,'Tedy100','D93E7D42EE742E6CA66FE8A047E9554B76FB58FE','CCFBB815614F8BBDDB74C5C94ED89C5A31F5E306402D81EB9DD5F2B0F02B6164DD8A17EC8973F820','6B519062E3246461FC99767B20A9450D39E91C4EE0DA65BB5C82AE0988C5D96A','E806A153F11CDF8D5E8FDCDA0FB177A85D4BB0B11CEE2A1230E1DCB3E106BFDF','','','Teodor_nenov@abv.bg','2013-11-04 12:24:04','85.118.87.152',0,0,'00','2013-11-04 12:31:20',0,2,0,'','',0,'Win',0,0,16574,NULL,NULL,1,'LzqRaCnba1Jn92qhbk5MW8Zng9eiADDlIrUwRcDyazjQERroDP'),(123,'Marakay','748B1C7FF30C906850FDA83D2007AABB664396B1','','','','','','Steven_xdlol@hotmail.com','2013-11-04 16:04:47','127.0.0.1',0,0,'00','0000-00-00 00:00:00',0,2,0,'','',0,'',0,0,48650,NULL,NULL,1,'BRqWRTsezadztSuRJ6ksW6wsid7yVLR4niVEHV7iQfLoetsnLr'),(124,'Mordekay','C1C45D0509A45A06C2814629353AB30EB72E6711','','','','','','Steven_xdlol@hotmil.com','2013-11-04 16:06:08','127.0.0.1',0,0,'00','0000-00-00 00:00:00',0,2,0,'','',0,'',0,0,19218,NULL,NULL,1,'6ifUgMZ5KVgFZinJtUITgb7bq5fzcNE1YFSoFHXpFhlJIgswny'),(125,'Reza0009','9C6D11ABD77216F64E119A471029235FAA51C91D','FBC37EE5493B2312CAA826BB847E183E872140EFCB6D1FA7E3E870C05845154BB7359F460F065CD2','45ADBE4E7726775C3A7803D2F8FD892349C1E56B92DD88F75DB62589A895E129','C5BAF454E0D660EBBE90554C3ED2CA3FEAA521C434CB563A5A75D73E20EC74F7','','','Reza@yahoo.com','2013-11-05 08:37:43','2.145.128.236',0,0,'00','2013-11-06 08:07:16',0,2,0,'','',0,'Win',0,0,45203,NULL,NULL,1,'5h1BVgyWyfPGQsdVXoF6zhzDR2t8k2UV8fscYhNhvcz78d1nPk'),(126,'Crewko1','994FE70042923E8C3BD89B5DA009BC005D7CB5D3','AA768668492ECFE23ABCB0E2EB5C6A88202587C249250E2C48E2DC31FDC12865321C022A15982E89','1D398C2FBDFE8B2ADC7F2DF61AA9C9F18E5AF9D4575374102A57AEE74DF476D9','9D609F388252C864BF992E31142864748590A838F344E3749BC21C7B8A5336FB','','','Vobo.r@seznam.cz','2013-11-05 15:48:33','90.181.74.162',0,0,'00','2013-11-10 14:34:46',0,2,0,'','',0,'Win',0,0,27553,NULL,NULL,1,'vUkX6YeFXEVqNqbnUJR6uKjvD7UxIaUw2YXVCh6IUStrzYYDIe'),(127,'Crewko11','12253655A85F6208B934F7CB1B9F38914CD6588C','','','','','','Gm-ultimate@email.cz','2013-11-05 15:49:02','127.0.0.1',0,0,'00','0000-00-00 00:00:00',0,2,0,'','',0,'',0,0,42070,NULL,NULL,1,'zPlMtMTG6shfGfJDnVTMbJM2Asl11Svgp9eHMY41RUVlouySbL'),(128,'Mlg98','06472E5F997178D3F4C05136DF1E0A96F3CD87AD','','','','','','Lukskywalkerfan@gmail.com','2013-11-05 22:12:45','127.0.0.1',0,0,'00','0000-00-00 00:00:00',0,2,0,'','',0,'',0,0,45239,NULL,NULL,1,'dk86fPP3rHJ2a2z9vHAzLvlOiCZQcW4DaPqyYwFuviZJKN71bd'),(129,'Emilbrome','EBB3E266A6104DE6FBB824E02EBE5CF9846A020A','9D5A25DD60382F8A4ADDF21CC3D963370E13F104622B22DDCBF1211C8D5D98FE05A4C8C675305531','76A47BF8E9A5B80F327FDA8466E5219C148123E8FBC2F6C9BE59913A502EB12F','C87BB30D3883AA5D60B68CD36AF45846E12716E1CFC357335808A76A0CAFF4E1','','','Crookers@outlook.com','2013-11-05 23:51:37','81.224.110.125',0,0,'00','2013-11-05 23:52:20',0,2,0,'','',0,'Win',0,0,58858,NULL,NULL,1,'xhOHFgKnN4t7q8ag3OVaOAovYVoDzdoT8JuCi7XYeCbtRke5bx'),(130,'Leiniu','30B56C29634641EE134076D7C511472D5D9D9415','5431E75CA3ABC80F9EDB47C10C413597CF50A24463546BBD84DB5176197058B1FE45FCCCC7A6BD62','187E465CF2FD0AA16FA33D9E9D501198708D3D893BC1AA55A31982093B51003F','8F672284F662E4FDECF30B99B862795D3B92AED0F91FE113BFFB1B89070BDFA1','','','Leiniu1@interia.pl','2013-11-06 10:28:13','178.43.188.141',0,0,'00','2013-11-06 10:28:46',0,2,0,'','',0,'Win',0,0,64563,NULL,NULL,1,'Tn1GCLdih5fzUWLKpCRYIudUEUz5u2Ba6oT3RE7BTfYOWGRS9Q'),(131,'Cristianaka','9130CD09DEB501EE8EDAC7EDDFABD4962C549956','20FF3462CCB6D03529DB34B213279D410D8EAE557A755832D3A9ADFF73FDC65FC4CFF9631D4B801E','26AA5D772D5B3493ECFA8A5DFEDA22C7C4D0B6A4652BC4B7E42BD249758356D7','F971B4CBCA2A68C3421F6E715E3AE0BA6F45A3D9C0A86F229C7A0F23E3A08095','','','Cristianaca2@live.com','2013-11-06 13:47:15','186.133.144.161',0,0,'00','2013-11-06 13:47:37',0,2,0,'','',6,'Win',0,0,38537,NULL,NULL,1,'h7C7a4eYy4CLwfxTlMqBZ1hswhFwdwiMsdYDiquZWXEACADT49'),(132,'Crave','D11E31614AEE232BD16B7AA2408721558FD1AE30','74F8BBB31C5AA350F09D5263B95EDC5DCE545C8494642D0343B65785FC8D9ACC3B29E21AEE5FF572','6554613B604F5380098B99596B761FEEE07C40A3ACF8787147F24B901593F5A6','8C6AF60962540E9ADE218AE61AB950383AF9AECCDD5FAA069AC2B38D11CB3F87','','','Playboymasta92@web.de','2013-11-06 21:21:40','93.194.165.178',0,0,'00','2013-11-07 16:59:50',0,2,0,'','',0,'Win',0,0,47283,'24',NULL,1,'6A6ZQXL69Mm9d6RwhyAkh8jrN5qSVSjgLqvQITjmxmH5UXC3lh'),(133,'Crover','4969F9F763513163A0DC2279776B9677EEFDCBD8','A72A6A7CE3EBB898312A6359D0B2C574B9C11A3F69F5B8A2995B259DBDDC2FF92AA078E326C80EFB','2EAD92100E260273EFD74CE7522C00FB707E42521019189FAD9A404049B83AAE','C087BA3D976F89E8D6C02C0E1B41B0EDE146FEA378D3ADA2FED9BC4114BFE521','','','Crover91@hotmail.com','2013-11-06 23:11:01','91.40.123.171',0,0,'00','2013-11-06 23:12:27',0,2,0,'','',0,'Win',0,0,14616,NULL,NULL,1,'9KEnL2H9VQxOjyXDas3SfNFftIIqWsH3KkVay8VB4p3XBlkmBq'),(134,'Zanfir','38C624A957064399A308D8A8EC52AF7BA5B0B0F5','3E8AE3C6CC96E337C1889D4EF5F6C446D524CBBEB1DB38D9A724FA72AFF4273C92A72832F3BBF31B','81590F2FB504715C3B77AC62B6F1336FDE2D2611CF1E7F5A08E26D6D7022DB33','BB8DA385695549763C8570784FA84D2595D185641ACBD61D5E0A99102E2A630B','','','Yoonutz_ionutzu@yahoo.com','2013-11-07 12:39:47','188.173.173.154',0,0,'00','2013-11-18 15:54:01',0,2,0,'','',0,'Win',0,0,78938,NULL,NULL,1,'GjLiBDagRqNtLhAbRNslW3Pd9ysG22gFqJf6q3198XCIoVGIc5'),(135,'Bowflex1','8911ABCB223ABD8952916816B5E11652F305F775','','','','','','Sportthis10@yahoo.com','2013-11-08 10:04:19','127.0.0.1',0,0,'00','0000-00-00 00:00:00',0,2,0,'','',0,'',0,0,18635,NULL,NULL,1,'p7YMJEZjHgJglkCdiHPoBFniJ1F9eoSrexcOL6LwOV4WPkOpCO'),(140,'VEILAH','A8D31111D8E712D9DC0CD90FC0B684980F5843EE','2B20416C8447EE7A204F4F62081A4CA37CA4B4A2E02B29926607ED07EBC332204A10D4C24299E3F4','1732DB54737612562D611F1234B0C525D58DA3FCFC889CA4CD8E10DFE275303C','B940E4A2A9D5E71513C4CF2655CFBCF0D6156ADFB4D1A8845D0F0D0EB4B8104D','','','','2013-11-08 12:29:22','71.205.138.228',0,0,'00','2013-12-16 08:56:59',0,2,0,'','',0,'Win',0,0,NULL,NULL,NULL,1,NULL),(143,'Icarusweb','7C01880FF5B92095E79C6351624D23A800BB7E8E','','','','','','Icarusgaminginc@yahoo.com','2013-11-08 12:44:04','127.0.0.1',0,0,'00','0000-00-00 00:00:00',0,2,0,'','',0,'',0,0,34636,NULL,NULL,1,'ehgSEtvF3v4Ww56POiLFPgkauVLUHhtnfxT8VxrqxF7ztq4cFw'),(144,'Kill3r','619C8B28A03138F6AEBB8D49A1C481F21DE1009F','2F113E15DE3A4BEB9909FB6747357847B40126653D0D074D9CB498D7338DE1B935570FA6DF37C708','6935793990C3B2C135ED2D5DBBA022A47006A2EE865F0D25E1579551DD4FFD21','8158736B7E6CD7079F59FE6167FFADEB8A9FB8CC3D05E94AA6BD10FEE45293B9','','','Joshuahooper123@gmail.com','2013-11-08 13:43:05','41.135.89.102',0,0,'00','2013-11-24 01:08:06',0,2,0,'','',0,'Win',0,0,69463,'5',NULL,1,'kqVRxxz1hgANvMavtPan9Cw9iGMhMqxp4CatvpZ7iZPKsWWeeH'),(145,'RIDERTEST','2DF42AD4E2215012B3E10F7A458A056B0E0DF99E','D59C7F53F57D9AAD2342BDD0B0B67630693053717FF0D42E5A856EC585FDD2500C4DF68B5236AF64','07C3F9FAC5B96AA52CDDEC50C6141AC56FE83F28418EA82C73A9BFC8A4C01C9F','9C17156F6A983C58463182D58F56EAD82F6E5D02C87B375B1EA4B112C1FD5649','','','','2013-11-08 16:21:39','68.200.122.123',0,0,'00','2013-11-08 16:22:52',0,2,0,'','',0,'Win',0,0,NULL,NULL,NULL,1,NULL),(146,'Rodrigo342','8526F4A55F38303307C4DCA2834930C618734B8B','7B916FE1F1F53B8D567C8F185E37CE8DA27B0316E1D0C11C24EEF792E34CD55D64D0CD3472B92F12','5C162EEB1F5BEEDF4A921F49B3373B5EB9404CE1C21DA31875197452A19A0EEA','A71B9DD9210EAB441DB32F0F1841B15413DF3C0BD607FDBB9463BA425E51534F','','','Rodrigocswow@hotmail.com','2013-11-08 18:07:31','187.101.160.85',0,0,'00','2013-11-08 18:18:23',0,2,0,'','',0,'Win',0,0,25334,NULL,NULL,1,'xDGm5crt3yQjWQbMcAKN7NkkarKrJQhDOeJNRroPGq9YpiXI9O'),(147,'Optopy1111','BC1F363F206E633D4055CBAC5C7304DFDC33F787','01688D88FB3ACFD8086D9AD64E793D4BF1B4AF716FA84ADC9A1ABB2CCF2CA284F5F50DC168112CA3','2E0881F4AA7695046C89F75BB201E4D0A5371235D69C6B0CC24FB5D81ADF9DC9','85317AF44EEAEE7F7FD791F4B0C20D3AB3891DDA330475E8607F3F54BA113C53','','','Tkrpfwldnjs@hotmail.com','2013-11-08 21:20:44','112.140.91.109',0,0,'00','2013-11-09 10:48:58',0,2,0,'','',1,'Win',0,0,31816,NULL,NULL,1,'O6MbJYRYCu73iRyfYfY7gPgDMgv93kqMtpmwcYQygzu5OU8a36'),(148,'Aurora','3A051C878218F7ACF26E8497B20ED2C5FAD3EFE1','8CF89F6EDA5541FD996C971F33DAEBE0188C4400AE7DC3322BB3D615B3E7EB5ACA7CA3B78875A0F8','0E78F1580DDD51A362008A17C315F92262F2953B3B7E7C925928E4279126E08C','BDB2810D532C574CEE22BC755425672F72C9B0472203C4A661C1C45E87984089','','','Anca4one2009@yahoo.com','2013-11-09 10:34:47','109.100.44.114',0,0,'00','2013-11-09 11:51:10',0,2,0,'','',0,'Win',0,0,27592,NULL,NULL,1,'p95u8YPcu7prYj1VeEcSZLC1ujLryy5I9fFEnjDW2pGEptN8Bb'),(149,'Decayofdeath','D2A932531AF62C95D25CB2D38E4534C97D80B3E6','1ADC199A5C432145CD13E081B8B654E285F89A05E5F7582B3F52532D0EBB42C0EAEF4633712DF73A','030CC2C04AC16045FA8A0BE8CD7747678CDC9BF0DB928A065D3057AF915A34A1','91B9E205ADA85E24A7952D756A92A4E2A9C5B1ADD138F85135BB921DCB22A2BD','','','Decayofdeath@gmail.com','2013-11-09 10:44:31','24.191.229.20',0,0,'00','2013-11-09 13:28:13',0,2,0,'','',0,'Win',0,0,67029,NULL,NULL,1,'oz2ZdQF3a1aCAw6eptBiIQ7FV4WDtVayLMzmYazvH5c2rEfudf'),(150,'Maciekf3','1C57A0CA91CEF5AA7F1EAF70B5B8616D8A74B579','','','','','','Everin15@wp.pl','2013-11-09 12:53:15','127.0.0.1',0,0,'00','0000-00-00 00:00:00',0,2,0,'','',0,'',0,0,46328,NULL,NULL,1,'lKpv2byKaTpyGHZZPNrZJKZutqMS4dprDTzZwHsjVqQIQr2tF6'),(151,'Xvictor','1E903921A375C272CBB73B8A95B2C916427DC0C7','CC18BBDDCE1372BCB63474D5E859F634DC4F0F219BF23D1340B762499D445861DF317F0F81D661EA','73438B373AF025DE4F1BC47049248D1615D99D4735FFF65A39678E816FC701C9','DCC0267EED944828011CABA46EA395AFCC913209CD7764EF9CD3F8660DCA116F','','','Xnoobx12@wp.pl','2013-11-09 16:43:04','31.2.37.184',0,0,'00','2013-11-09 16:43:47',0,2,0,'','',0,'Win',0,0,75039,NULL,NULL,1,'Wy74XqGJyBHlIoJ4GKdIBY1KxniMYjrlfAOPjUgVF2pJjVqERX'),(152,'Viburn','FD66343C70DAD033F4C5324705E45700467141DD','0EAA47935EB4E231767F1885263FA77CB548748AA557B45056B22318241030A875FADA61DB4DCB7E','620194C1642CA4FD757FC0A6AF772B8C131AF90AB3BE5654D7DFD27F60F17821','93D37BE90E5E3E3E293088D2CADE6A5FC4EF27A5B34D6864F230D6FB695939B9','','','Viburnweb@web.de','2013-11-09 19:59:49','178.3.133.252',0,0,'00','2013-11-09 20:01:39',0,2,0,'','',0,'Win',0,0,10373,NULL,NULL,1,'DW2dqLaJK5Meut5PCf45VyFJDGDFmTqpEzXvO6VX8wugwmO6JU'),(153,'Davibe','7C37BFF4BC21BB355095710E0E0089D1771AEE84','BC2FA6B4CB6FCF9A514889220A832681077D9AAA2C6072B36F8B6F333B220E6C7B7CD92C032556C0','17E5AC10527DBC579DB1FC10ACB1953C0947D3C61E7CA9B66C9B312DEC599F95','FCE2CD2BB9CBB165B020E4DBA9F8F4E8503B5F47BE238EEA44C70FA569CD5BA1','','','Hellsver666@hotmail.com','2013-11-09 22:48:33','78.87.43.251',0,0,'00','2013-11-09 22:49:54',0,2,0,'','',0,'Win',0,0,50066,NULL,NULL,1,'MHSP4IXFAlQgd9ay8DxU9g3CaG9wKufY2Nac5dsVkQqoNI4QDi'),(154,'Lucasthn','A5700F2EB68310EB29751E7A6A5B126C2669040A','8ED37EC0DDDD08521195C320D4F3CA66DBEC550D92637ACCCE5D2B5AB96B7EDE3B914E5313A7FDD6','1045041597322EB1BFB2191E37675FD19CA907A561E28F3170A5A2DDFFDAD18F','BCFCF3EC96FE218580CC5954459A13FA42D86729BB7ED1843E407FBFDA9BA0DF','','','Larsson.lucass@gmail.com','2013-11-10 07:44:53','81.226.93.44',0,0,'00','2013-11-10 07:56:20',0,2,0,'','',0,'Win',0,0,58867,'5',NULL,1,'gBlGn67m51RoD5oiavkfbIm9gImc6YqIHMP7sGR56YnqWIjt9h'),(155,'Kingfacial','5B85B949CA628A8F6DA67F40F0098D1AC0164487','117BF586C124F44D3368740F779EAF370A81FC95EEE9FEA41BD780500B68F958505AFC14C227F459','5235ABDF4E99B02AB8A536FCB9A65E122456C72F961E98ECDD97E871CA9DF7BF','EA173C222673C82FEB4B9D71F57E1CC48353868B66F4842278413887019E5371','','','Ck.aeon@googlemail.com','2013-11-10 09:38:36','109.91.252.202',0,0,'00','2013-11-10 09:42:14',0,2,0,'','',3,'Win',0,0,86370,'5',NULL,1,'Ilcc8GJOpvXv99jt9ZgYTNKEPqCEvJHyyqFP4LWISRHsalrMvN'),(156,'Phorms123','3665B77F6EF93C8194BB00D135C3F0B949C32C88','09CF1666D6A12EF979FA929A982C61372F0765BE604DFFC57DAE8E08FBD17717689134042DEC5961','2C6C4F5E88FC1183EB6E00B1A6E8559D32B604416EC0985AD794A402C214F564','B7F00232496A0988994371925C95B19A7699CD69F3635F5BC0A8573303442B1D','','','Denialsubotic18@gmail.com','2013-11-10 09:55:47','91.66.246.186',0,0,'00','2013-11-10 10:21:08',0,2,0,'','',0,'Win',0,0,33818,NULL,NULL,1,'3DJBCLMGpIitdmSSlZTAhFdgGQgahpuxYEvk1CAb3m1WZv6XGB'),(157,'Rainer1','D572BA44EA20030924677DF39FDB0005A5EB18AF','A8D38250C8212C04DAB1F221D6E6F08F9F3424655AA9109646CEB4B1A40BDE74BB2E5D4CCA243DB2','490AC8C98A6FBB9967385294B41DBF5D1AA41FA2DB2D62B65E267E2C157CE460','8BF73D65B6990A657EE21C1EE5868CFDC7447E53FE41F04E89E2EF2ED63C65A1','','','Kxr4ba@gmx.de','2013-11-10 13:47:50','217.254.64.64',0,0,'00','2013-11-10 13:57:16',0,2,0,'','',3,'Win',0,0,68963,NULL,NULL,1,'whpcc22PeyviW7QChZqEOMHGzeXOc9wuSnf8HnwEKoomxO9NY8'),(158,'Chyssler','8C470DCB2952965C6DF6AAAF828936717C4CB8DF','','','','','','Christoffergodis11@live.com','2013-11-10 14:07:53','127.0.0.1',0,0,'00','0000-00-00 00:00:00',0,2,0,'','',0,'',0,0,81597,'2',NULL,1,'N91JTRJQtzHTtQtgKD3KbKbuLSqGtWJtoC38eOG1lixLKIODY3'),(159,'Fenixlevanta','8A39C918F6AB30EBBC57F478249A08EC769BBB67','51A1A497AA109C1400BBE35E323D6CC9BCBB9313AFE8ABECE7C5FF77A2120B94BF5ED643E183C202','037FA315AA5737B24EAB6C8892E6988E24EE83873E9B524FBC93935A5FB75F2C','C8DFB4B0BE49E546C362ADFC0E8BAC3E83AC598F711EA77A8339F9B0CA192C29','','','Grande_45_@hotmail.com','2013-11-10 16:42:55','190.129.19.145',0,0,'00','2013-11-10 16:43:30',0,2,0,'','',6,'Win',0,0,81910,NULL,NULL,1,'2mrL2QKuUKRzOTioAX1uqRjbUmduWCGDm9dQ26Wp4jscV3t29B'),(160,'Boy83mi','FCA57B92B22E80BB7B84318EEFC1B0D3E041FAE9','A6C04973F3FB091C7E7E16F0301BA0FD5CD0306D0F311A4BC416AE7C9374ADF13057D857AE4FDE93','85E83F3067E8A1B2DEC63F23B342D61E1B6483BE2BE068E9DD76FBA132D0B19F','E92ED04CD78FBF321B6580D00FDED56CEEF98469DDC832D19A6BABD1DA26C387','','','Benevento.vito@gmail.com','2013-11-10 22:56:00','82.84.129.170',0,0,'00','2013-11-11 07:36:34',0,2,0,'','',0,'Win',0,0,11572,NULL,NULL,1,'7BWPtzohcraaizdEvV7rjZjQQik7ntyEm936n6KV9RLiBqV8cZ'),(161,'Sadamkosk','B051A59E06F1175011871D9818105C1F2092FFAB','4368A007E97FE3B9503DD68C8930885A1D83F3A46E68E7D3DCF3C2A75DA01EB579FC62115E11FA44','5E3180EB6C338B05D63CAB4149BDE7ABB50B4F6837F87A2BBE2FF362F16C512E','DF4D39D7934359DBDD3435BCE08AF163FAED67DF4354258F5C8D749984EFE15B','','','Sadamo@gmail.com','2013-11-11 04:50:17','188.167.227.243',0,0,'00','2013-11-11 04:53:10',0,2,0,'','',0,'Win',0,0,78943,'4',NULL,1,'NVJHFpjvYaMLFgHcTQ47AA9xUCrvNVhpUldLgAxbLeIwbvjEQE'),(162,'Matersranger','CD30FCF7DEFCFE36C16C6F492C5EE9ED241624CC','906880C951ADD5CF3D9F9A9E2F463B135CADAA1FC8870452631F4191A48A07DEF364A5B28DA9A2B7','72608FE1E25312C85FD94EA05AD859AC8CF3727EEBA5C5417B2E156A4E814D12','9A326356893E8C0A2F21161333A118260BA5F0BACD213C1B7B78B49F09213239','','','Matersranger101st@gmail.com','2013-11-11 08:42:37','108.202.254.143',0,0,'00','2013-11-11 18:44:47',0,2,0,'','',0,'Win',0,0,18142,NULL,NULL,1,'wIa3JJzfpa6Edk9QoWARogu8mga6EvtgBft96rS9EluoQQlCor'),(163,'Maratiks','172D110B99188AD223912CBF3E3DF97A25355058','69B81278304D5F62DA548931BEBDE62DE9C8192890C10106CECE587636613CAC969AB428B23F86AF','3E672E047351906E266BB9F9BF5BD7C48EDF21EADDCCF43BF60233285F0D01CD','9878C134192A77457C082DB36FA20FAD949F7A6496B3FB59B17B2736A64E666F','','','Maratiks@mail.ru','2013-11-11 13:00:43','217.118.83.147',0,0,'00','2013-11-11 13:01:59',0,2,0,'','',8,'Win',0,0,40918,NULL,NULL,1,'tDP1HAPnnaLouFJY2EBYQ9yIuJisvGVsRiYszRyOlwmrvzYVXo'),(164,'Mystiq','56AF57DA8F5883BBB18D4ABB7DA801AEADF560E1','ADC9519F3CDFCFEFE9BA8F082A5F9FE402B634669B849D56710D46E17A06CB633111ED11B5BD6A9A','5A653FA8D15457D5DBEB7EA5298888D7484F064D79F58917401C3319C493C890','8CD056F30A096208289B6419E90D8AB58A553C546AF4C5843738972A0E7AA351','','','Leinad@hotmail.co.uk','2013-11-11 15:44:03','81.101.24.192',0,0,'00','2013-11-11 17:13:24',0,2,0,'','',0,'Win',0,0,44463,NULL,NULL,1,'iVEHV7iQfLoetsnLrvnD6ifUgMZ5KVgFZinJtUITgb7bq5fzcN'),(165,'Scriptalerttestscript','AB6C06F49EF825F4F1D6FDE8581384D52DFF3CB7','','','','','','Gm2@hotmail.com','2013-11-11 18:24:00','127.0.0.1',0,0,'00','0000-00-00 00:00:00',0,2,0,'','',0,'',0,0,67432,NULL,NULL,1,'r1DTG6gqmw1GCXYbWGI2JT8AJDDlUiNG2fEN3n8lFDd1w1jh9V'),(166,'Mike','E7E5B557B85AE0CFF3BA1A061D137A19769A7319','3CEA5478829CED9E63EDDF7841787674F719C03D912066FA8F4824F33E0EC218295AD4910B7EA2E1','0FD8C14D772A23A07B888F83AC50EEEB5086ED0318FE766D9C05763CED4F2B8A','AB80294D0B476CB6F121FA82D0BCCA36E0CD7BA8D8B09617E67AFEC7A6FB7F41','','','Mandathomp22@yahoo.com','2013-11-12 01:17:47','67.110.211.158',0,0,'00','2013-11-12 02:10:09',0,2,0,'','',0,'Win',0,0,76690,NULL,NULL,1,'5ir9IeuVIJN24MuYtqPlMhV2wtpFqJrTjLfCAn92eqHZtjVJ7Z'),(167,'Maximax00','0C9BC82D76D1A6775C1EF82A013205A1F516F939','C8B3C190121F826A69B3E45746132C0E3AD00E9055C9943B589BB98ECFBC52AA557457C5E0EA9ADF','2B0BD68B37A087130AF0F1D09DD196AA8FD872963A931E355A80C1A3F661BA82','D870D204770BED4BF3412E532E334C9DA4F16D909E96E23E3F32318B8C6A86EF','','','Luis@pokerware.de','2013-11-18 14:12:10','37.24.9.32',0,0,'00','2013-11-18 14:12:32',0,2,0,'','',0,'Win',0,NULL,31401,NULL,NULL,1,'J1yIl8JoCdf3VDKf5kjm8s9fRH4r5EaFxTxDjQE8ihSz1QEIzy'),(168,'Sammoth97','1B1180EDF6499C737DEFD32E5E3DFC3F0E985B0C','12465308762087D28D55E006647D26EF62D64B61C1DB1AE8C783A1E57DB04C5FE4347F226960CF9C','62971AFB37AC737A6647F3FA52840B9523D96EAAF6F2744AC604578F3B23FA05','D67C4A76014E0AD60DC8138F3722A9A890AAFBCD66EF2A669635F49842B2B2F9','','','Sam.caller@hotmail.co.uk','2013-11-18 14:18:48','2.124.126.190',0,0,'00','2013-11-18 14:26:06',0,2,0,'','',0,'Win',0,NULL,65056,NULL,NULL,1,'mduWCGDm9dQ26Wp4jscV3t29Bka7uTbKbBCmAPwy8PcxVavASO'),(169,'Al3x','3D374DCF81DCA24CAEC199417A989567F6EA4C52','3764A91546508C6A53F4CDFEEB05BC090E777E2B57CA63699DE7E2A3FCEC9C7DC2125212555FF1AA','7E6882A43F1AADD62D338FE352B5FCC8FA2BE6853B0431CF1F6A60A138807017','899BE4982B3445FF337A021FC645E1E4E85D0949A1E8F459F5FA7B683292488F','','','Adi_boss23@yahoo.com','2013-11-18 15:12:48','79.118.137.22',0,0,'00','2013-11-18 15:13:45',0,2,0,'','',0,'Win',0,NULL,40422,NULL,NULL,1,'Hhhkvp1rrcAbpvChQR3DJNyE4qSJ5PvcnT4LbtRwZvQcnrE24n'),(170,'Fallenlord','5A32F2629EE8EDE5677F3F8F069378D8BFCA3117','B2E26859821F0DF8D1132B9F6B2946DC7C6573509B315C2E0A2293E53FB3896F1C7D521480A37021','777CC468CC76519CA3DD7CF10E6333F07E5C87F117332F66B61279052A38ABC8','EBEB1134DE3F453707CAB83AB286B5999C6E3F9C29861427DAE1706973A02EAD','','','Mamadenrage@yahoo.com','2013-11-18 17:45:58','2.147.112.173',0,0,'00','2013-11-18 18:04:35',0,2,0,'','',0,'Win',0,NULL,57600,NULL,NULL,1,'G8GaqhkU3QkcLeCesv4ltNuVcDvTA6ZEcSNUJlKgk44gHo6ttx'),(171,'Mikedej12','22E6661F28F980D497374D969ADF1F1D99892376','0B82317739B8DF78494B806BE63ABD84D778BE381D349D1F41BABDD0601901086DF69451593727E6','6436519372F42536E81357542C02944AAC49BFF18D366F15506204E7470A1382','D71092D5C6AECD66BB61B3653E5B876E97D760D6ACAE4E27ACFE3B8D64693C39','','','Nurpius@hotmail.com','2013-11-18 18:37:07','83.81.204.14',0,0,'00','2013-11-23 16:32:52',0,2,0,'','',0,'Win',0,NULL,80242,NULL,NULL,1,'mOTlMeKcl5OURjDn5h1BVgyWyfPGQsdVXoF6zhzDR2t8k2UV8f'),(172,'Mikey404','D0110754D750CBC15A3A4AC83A24641A62C4C366','07215C36CE3548636B9F6B2AB0EE50B4BED2548FED03818E25C206F4FB4F6B2BEE32C3469903F858','331D98E805F741CDEF1938AAED9D426AEAB99EA2FC70721A7C5B9606273E464E','E48123A8B7D158A6D75992786E0920BCCCA39371709EF7657616A35927743DE5','','','Mikey192600@yahoo.com','2013-11-18 22:58:13','69.245.20.196',0,0,'00','2013-11-18 23:36:47',0,2,0,'','',0,'Win',0,NULL,53709,NULL,NULL,1,'rChT6VOAojd58zVczWLuZBwMLFYrjeHY4LeLC1BaEBd3762X18'),(173,'Kelikeli','9CE84BB03343A1E91DA1A6F463662B71ED897F23','6A155429E85EFF9F3D04515B01499991348D9211BBC871846EA9D1D1314E56B13120F07DBC5C664C','4EAE2C76D8BEE4D0BE3F7C3071E97ECDA5BF220D2C96FEF0C4A4BBED00D2EBFD','928B31CB4AB3346789F5C3826388EBBB9CB1BB5DA9C0422C5260630C270A7861','','','Keliman2008@yahoo.com','2013-11-19 20:59:06','190.135.193.2',0,0,'00','2013-11-19 21:20:15',0,2,0,'','',6,'Win',0,NULL,78494,NULL,NULL,1,'VWBskb86FDzdc6gzK8GJ2goi9Cb6qsPAZF9WxZczTAZOkV4nfl'),(174,'Loi1234','64D57CEC8F404FA6A31C453DDAC885F8AFF4EDE0','6753325235D41989C68DA6F974EC40701F36276C14BD3AFFF107424DAC636DDC9A2DE8825214F944','374CEDCEB058B5C50FC43A05211DCB9D17170D94289E3FBC262B56917EB42A54','FE50B0518890B2DDB8DC6DBF827070EEE1A816A7F83B02E796EFD3519674706F','','','Lox.80@mail.ru','2013-11-20 01:20:57','178.123.181.113',0,0,'00','2013-11-20 01:21:31',0,2,0,'','',8,'Win',0,NULL,87195,NULL,NULL,1,'LdlswqQUHkL6I88Rvn4kzEIMpeVQBZH5lGqjxxt2cMelUuE9LO'),(175,'Ltuneon','B4CFB1966951FBEF5E2D4201D46FAE00A001CE56','EEDD2F6DEEB8A33394C3493B8BD7AEC274F84421E38AC7D8D64D8FAEB14492E391F01146AB6D7815','1F9BC6AB05DDE3EBD8BB6A346004279BB1A3EFB31596896A8B06C532AC83280B','FAA1200FF35C935E17473E5A5F71D3A23320E8C54F0852244B9E31CE7E8874C9','','','Rkuncevicius@gmail.com','2013-11-20 11:36:20','78.57.174.82',0,0,'00','2013-11-20 11:37:30',0,2,0,'','',0,'Win',0,NULL,89344,NULL,NULL,1,'rUwFlkjvwH4H83TC8Gd3Bvm3BICzkOI3wGRzRaczWXKSQAPnZV'),(176,'Edsanig','7ADDDC1A61AFBCC15C6095DF140D739E72A99DBA','','','','','','Yzd.game@Yahoo.com','2013-11-20 12:04:49','127.0.0.1',0,0,'00','0000-00-00 00:00:00',0,2,0,'','',0,'',0,NULL,64683,NULL,NULL,1,'uqC1WB3vadqITP9GmtwsOjvAS2mR9FXZlRJ6638NnOhoBFbRQK'),(177,'Cazademonios','933E64D0FE7450B9C75E93A2F137F513E340F075','325610520B4CC0EBB4C2EBF484F6EFDF3EAEB3E2580EAA3D30310ED2033DF638587D720D47D55EDE','0DFA0A8884265936AEEECD439BF0DF2FB2464DE19E22D9129201945F49B2A98B','DFA61F7874A91F172C204FE8765CB2997A455250F8E7159D8628803D0E5A69B7','','','Jcruz0191@gmail.com','2013-11-20 15:38:46','181.114.123.190',0,0,'00','2013-11-20 15:39:09',0,2,0,'','',6,'Win',0,NULL,87649,NULL,NULL,1,'KORhvlF5Dv78ggH1bd4rhdiQ2ngXqYawkNrK1cGeg3XB7ttrGP'),(178,'R0gerz','D067681E9152205CCA695CFE7AAAB79CAE8F53D1','D326DF8F9F88C07995657F360001B1DFE2D4E67130814229F983405D33760A4FD17859D0C1A1C360','17ED2CE31D0244B90D092ED3178F7D0A1E4CC42F3D9BD230841483C601CC6050','B94A4A9B449BBB43F8761E394AE3A26F1B2AC1204D68AF15D2838893E9FD2AE5','','','Leerogers94@gmail.com','2013-11-20 15:44:07','86.174.34.164',0,0,'00','2013-11-20 16:07:27',0,2,0,'','',0,'Win',0,NULL,66643,NULL,NULL,1,'uG6957VonfcshC1K7MMgvLsdAwwQBtuOKzWLBQzGVphNN3YcZo'),(179,'Rawry','10BE5D80C786BFAC358A41DB65E69AF52597FA49','E0CBAB19814B6437D6BD492EE3C63EB43116173DA79B4B86EA38BEC26C9455643C77E5F45B6CC6E9','68A496A08FD05F76F2C95403E42BE7BC2B8C62E876B1697B76C41299C15F0094','C5E80B32DD358F0551154E3BC6397B9B6676162FAE9CE19DBBBF02CDEC158CEB','','','Rorjampet@hotmail.com','2013-11-21 06:08:22','24.67.34.58',0,0,'00','2013-11-21 06:10:09',0,2,0,'','',0,'Win',0,NULL,25915,NULL,NULL,1,'RhdUHT5p3RN4JaiS4MNzOWtiLO1fosxhcQmvBJMiwl1E7ukCCu'),(180,'Damian54','68097B26EE1A78EE74993673C3CB62A6EF4A78F4','6581FBF61D59A18F1DF2F4A4683526F58DE87D103D146D6C319CBBBD1B1CFED958A52B71BA2DFA22','4A1A87599885FFCE5A55A6F5FC2EFEB477F5D1E524CE43C54E17CAD39CE0CBA5','90500DB06F1A5591DB9A41F8AA828924764E6F712FA8D6B6710952F30CFE700F','','','Damian.szlosarczyk@gmail.com','2013-11-22 13:45:13','79.163.144.184',0,0,'00','2013-11-22 13:48:01',0,2,0,'','',0,'Win',0,NULL,31274,NULL,NULL,1,'NDeuAhRY9V1JB3mintFH2HvKRt3gHch1eoV56dXp32mfvdBbrT'),(181,'Hugolin','3BA7D04B5F836C82B0A283498CDE3D3798E0FBF2','74A8E3402F16B7E8579DE0F20390AF3E94F884091F8F2E01420077498301984156EC5A6F32D992CE','4A08626C2D6D2D90C2E516E97E90BEA896A9C8BCC4F8763E9836DDE4C4A4A10B','AF7573C9EE8C828C4EB1A3D4ED2C9CDD4E584F2C788C86BCC5BADEE9D425CDA5','','','Jindrap5@seznam.cz','2013-11-22 14:58:21','91.221.212.35',0,0,'00','2013-11-22 14:58:55',0,2,0,'','',0,'Win',0,NULL,57771,NULL,NULL,1,'dMMpbKwVDHnMgCClSkzxF6GkjmLjXu2l7gzWUaYFJP53UVxreB'),(182,'Evil1707','8B9B8B20DF37E4B14A94CD4323DAEAC0824033B3','','','','','','Nobody1707@hotmail.com','2013-11-22 22:57:33','127.0.0.1',0,0,'00','0000-00-00 00:00:00',0,2,0,'','',0,'',0,NULL,19868,NULL,NULL,1,'4EJWkhlStfwkqJ29iqxgQD1As7ECDLCoKhuW91JbIdb65jIPEj'),(183,'Ruck','20DDFC807CFABF39D7D09C5E64C860187E1EC443','7411223E56994B1102949AB60275EAF4464F41430EA17CAFAC744F20845A2CBE97533DF98ABA7090','87B9119B46B0960C082A9586F4EE6DF8700CB4DA261787000A51595A0A18A35D','B95BC6D4B3F08E44073413CF8537C038B3B7BA3BBE65BB3B1BD917737A74BD23','','','Ridetilidie34th@yahoo.com','2013-11-23 02:07:21','99.45.215.21',0,0,'00','2013-11-23 02:24:58',0,2,0,'','',0,'Win',0,NULL,70218,NULL,NULL,1,'uIiJEeHPrM9y9JKeasUaVnYLVRcVChk9ND5u2Nvw779Sy1uJ91'),(184,'Sainoswor','8F44A5FF149CE878CBA94B22096E8DF03D36D3E9','02EF39D71D5EABC64362D21D893ADC1D7CD41FD868DC4C3711AB50604AF8BBF65A29A6F8D6CEBD15','1F29C5DF0094C2ADF6D6435D0CA45D1BD24CFC612C49E6F90DB4F8A569F21745','8C1BAC5098B33103ACCF1E0DAE58DB5D209175EE191071A63B12DFACC70C6A49','','','Leandro@hotmail.com','2013-11-23 04:44:25','201.217.50.22',0,0,'00','2013-11-23 04:45:18',0,2,0,'','',0,'Win',0,NULL,32246,NULL,NULL,1,'JH3xTXwSXTuEg85i2khiHzYAJblZQceS3PYtZotXkPjL1WBILX'),(185,'Wowzy','6684F8EB004E1AA7239A87FF5B76F29DB408E8A6','','','','','','414085543@qq.com','2013-11-23 07:04:18','127.0.0.1',0,0,'00','0000-00-00 00:00:00',0,2,0,'','',0,'',0,NULL,40930,NULL,NULL,1,'vE2YcNxEAvJKeS34PMkxWz8m4BUysZXm6LDFpmbtlemvEIPZ6c'),(186,'Sleyd','A5689A53CC2B551618108F68EDF6C6BF4E4590B4','','','','','','Lucassilvavieirapnn@gmail.com','2013-11-23 17:03:23','127.0.0.1',0,0,'00','0000-00-00 00:00:00',0,2,0,'','',0,'',0,NULL,44246,NULL,NULL,1,'WK64OyQmVuStXnHYPcBuiBDm4KAxWn25tHiT5jIDNPqCQmdxC4'),(187,'Fireico','EED26534410EA3610FF7DD4713B36131E4C14ABF','188C3A8AF6DF84DF6DEF7733038D1364B528810BDD9D4AE5A74C54ED27F8018CA1A10E3D2A780031','3AECEDAAC0C930F5E12C87C6D6256239704D6A39736F44709F54F1F5260ADFE9','FACDDE1DAC8B5497C7DD4B6EB473E6AE213C2DA2E57A18FA80490CEC12584E47','','','Funnyico@abv.bg','2013-11-24 18:37:02','109.120.223.220',0,0,'00','2013-11-24 18:38:19',0,2,0,'','',0,'Win',0,NULL,40757,NULL,NULL,1,'FPgkauVLUHhtnfxT8VxrqxF7ztq4cFwA9xILXgeSF1XXnrfOgu'),(188,'Dragic','EABAA210B253DE5CC5FAC5EC6B8F9655A0E4AEF6','70E6D1AC775CC47FD1882FE7443B42893C4A14979BE46B974EEE686B0D17A50EABAE86645EEBFCD9','28A505C3DE18193CDE956C773810AF67E979DA0FC5EA34EA91A87DA15CD62447','B5A97A200AB75EDA5F0E27CB9E80881660AC5A98CD053524DF8D00A468F671B9','','','Srdjandragic@yahoo.com','2013-11-24 19:10:44','188.2.134.36',0,0,'00','2013-11-27 13:15:28',0,2,0,'','',0,'Win',0,NULL,15141,NULL,NULL,1,'wVe1wTvX9k7nhCl4Uy4XbxbfQZwu4LnkKGEYRVkEzv78YpolW9'),(189,'Admikosk','25650E8DB4F2A8830B5A4B07A6FE0C6D45C1F78B','','','','','','Admiko@gmail.com','2013-11-25 20:29:34','127.0.0.1',0,0,'00','0000-00-00 00:00:00',0,2,0,'','',0,'',0,NULL,28467,NULL,NULL,1,'ZZVBa1VexlZKc8zaMX38xLWsrZSvYyGT7JXH89a3k5DmaVZdNn'),(190,'Magakoss13','A35F9134E81419048AAB352F697809C14BFB03E4','D35D392684A1013E36D6391863D106F99E6274C9DCBAEDDD58F0D6AFB8298E1A799CDF1BD8BF4D4E','52941A1E6633A0888A77FCC956439E2C990BD3930FEED4F5E07A9428A1DF9873','B9F1D94FAD54298665734FFF1E8CE56246C28BC8CED087B3471011F0B41A0969','','','Daphoenixx91@gmail.com','2013-11-26 17:50:33','2.84.255.178',0,0,'00','2013-11-26 17:51:11',0,2,0,'','',0,'Win',0,NULL,45671,NULL,NULL,1,'Q15TcfJnL8aPZWcdIND5cRGgAB9TPLqOKqmM47wUASC9AarrXc'),(191,'ThoseBlasians','8508071969377BCFC993CC8483510DC244B38123','','','','','','Frankiestiens@hotmail.com','2013-11-27 22:39:38','127.0.0.1',0,0,'00','0000-00-00 00:00:00',0,2,0,'','',0,'',0,NULL,19333,NULL,NULL,1,'w8okwVkZ2nR2acYeOedZercwjzyaZ41LcHlC214zrFRZaF8ZPK'),(192,'Hectorxd','41168A012436163B5BD32C234356FF9FF43E981F','0F5D66480CBF3A79D7E36544FB69031CB9E0F7BF5ACE880A316F6334D770648E03900EDA425A2B82','26034066A838D1B05F0F2403B5E2FCB1D698EAE226DEFACB04A9B6BFF74B89DC','E664E0DFDB1021001A206E091EB587CA4D8E211BEC8F30D7AB2D21BAF8CB06D9','','','Xxyunax_18@hotmail.com','2013-11-28 11:06:03','190.78.52.41',0,0,'00','2013-11-28 11:18:10',0,2,0,'','',0,'Win',0,NULL,38987,NULL,NULL,1,'85lSZlOrnYUuZnz3u9Gv8UWcmhVOA1a2nI5WVVKBo2siyaqKIy'),(193,'Bodolan','FCA352736B5C3E17F5BA8ADD9CB954F3EDFA9D78','AB1939FAFB4D87C7408760281041DEB15404D6B31B623A89BF33B38C7D7A15AE8C000EBCF03211AF','3A28AD09959FD145AEE4F121B518D5F6AE1A871636EAF6E8077EC17BE5169AE0','C819886E3E841BB8168C57A72D48EA63BBA168E63DAD92D74B219A13914C1DCB','','','Busica_cristian@ymail.com','2013-11-28 20:34:38','188.25.210.200',0,0,'00','2013-11-28 20:36:58',0,2,0,'','',0,'Win',0,NULL,19470,NULL,NULL,1,'bqA5kgTooy17iHGDCbZfXEJZUbwJtUUK9qieRrcMWiFmKRhyw9'),(194,'Reapss121','5650E0E4AE8546EE2BD42FF5D89B09402064540B','E865E46DB3411A7D5DD1CC91C113C8DEF7E92C12CB722CEB620B4A42DD2997A4D473EBB50484527E','61023416E16B0D9DF417C27EAF67543F4FD0B39ABFE64D62D7F67D8A66A519F9','B5D6A9366E9762B743CDFCBAD706792C9652C1D8DDAA26D4C9062A5E8870BC17','','','Daltonduffney@hotmail.com','2013-11-29 09:24:53','50.65.137.155',0,0,'00','2013-12-12 10:35:28',0,2,0,'','',0,'Win',0,NULL,70650,NULL,NULL,1,'dYGABybBLevnzFSHRyXdmjudOQhYq27KyeyI8uhWIJhIoMiAVz'),(195,'MorganZ','7809D1F9C71650E6BA3E2F5AA98EF9C15FF61944','56CD8B392DAB614F5CA50C11EFEDF9C6784B3B03D912E14F6C7B67AE6E6BDFF83694713CFC5F7394','278D3C8BB0543CA19A19366D925756E16FA23993A36F8B0D8EB47F8E505F2B95','BAB9D1F230616C54EFE13308AE949A43F92E23C2D88DEABE30FB211229064A4B','','','Morgan1982@hotmail.it','2013-12-02 14:30:52','151.32.83.200',0,0,'00','2013-12-18 15:26:10',0,2,0,'','',0,'Win',0,NULL,11506,NULL,NULL,1,'MO6VLi7f4SlzBwAUMJHFds4JVJKQJumzPlMtMTG6shfGfJDnVT'),(196,'Bladeturbo','6AE8DC2C37AD368CA0489098945CFA639D781917','','','','','','Bladeturbo@cox.net','2013-12-02 17:30:17','127.0.0.1',0,0,'00','0000-00-00 00:00:00',0,2,0,'','',0,'',0,NULL,85921,NULL,NULL,1,'Qmymex8W2YfM1whmViPEptZUzqrmygqJ8KC2ogBc2OYKjLfvJT'),(197,'PWTEST','C08E66F329C00091F07605755BEC07CC47DDBDC5','4B1B533F56A865A209BC0C39E5675A982D901884F9AE56B836F18940DB8C07EBCDE2D982C7FF6F9B','0D84FBCF16297E1D08AB47FA72F8F2031CC98EEB1477BFA80C264ED40EAB162E','F7C93BEC670E8B48571325F300CB35FC2DA2C4D38B985A1D6FFE95C4D1DE8AEF','','','','2013-12-03 03:43:42','68.200.122.123',0,0,'00','2013-12-03 03:43:54',0,2,0,'','',0,'Win',0,NULL,NULL,NULL,NULL,NULL,NULL),(198,'Wowmaster3','0443362B68A21A63686B7B319AA5880E59E2E08C','B7E5091FEBAE564E4732FDF8F25FF3C2895BFE721A4F2BC979AE7F451856DFFF0AE46C0D52346F9B','64319E000CB2C715495CE2A21F987205D51A8D65DB262752F00B57A6904FD69B','F69C3F032BE70306742217B535C06F89F40D8DFBA823EB97422AE7E9151116CB','','','Ghostx42@hotmail.com','2013-12-03 22:41:03','108.198.61.29',0,0,'00','2013-12-05 21:50:50',0,2,0,'','',0,'Win',0,NULL,31843,NULL,NULL,1,'Ggt7PlV8LyYbe5BltWAUgwyFVY9SpPvfLxpsWbOdmJimvB5Vph'),(199,'Barebones','9508583755B2BD369DAACF62951EBFF60F4806DA','104176E3D2E12E155A80BB1FFB5C8D2607B63BB9723FEC83A5641F8C734D67280C15F2F5CFCE18A7','8112ECE43F27841230809AA440C08D5F3663EA0CDF8CF0102BA3BF09A1C11D70','BFDACD52C4FBC4502003D69FCC9428D3B6D6A4F438C1632DB6BFB1474679BE91','','','Keithlekgolo@gmail.com','2013-12-04 01:58:18','75.143.97.55',0,0,'00','2013-12-07 12:35:46',0,2,0,'','',0,'Win',0,NULL,17397,NULL,NULL,1,'1KlDFvaptx5JmlCfg28fIDQ2KNimsvDKXhQyd2QKi8RCqLStrn'),(200,'Giorat96','092F4C808111F61B0A085C0104F005A76C10AE2C','F0B2400B9F7A7BE86483B53D566DC137FC725272429A7607B3990F54BF713738B7CE3A151E777AB3','66228D02635B82DD663781822D37F73EC6626191BC6A716771AEAB574F157808','A29D151ACB879F9C771FEFA8EA63F03785B531789F487821AFA5209CDB6B6731','','','Giorat.96@gmail.com','2013-12-04 18:53:08','82.58.158.84',0,0,'00','2013-12-23 04:33:21',0,2,0,'','',0,'Win',0,NULL,86084,NULL,NULL,1,'sGR56YnqWIjt9h4ReWoFEnvzPlYkFEqbT2cYZef8HbAl1Ellds'),(201,'Philipnks','A111264C2437BAB7B1DDA2C24028055D47620430','A687299AA74B18484F55E7224A5ED16E7278081F7F4B45B2F7353F31F020D92280A18AE9388D9FB2','1FDE6AAA778E31230B135C6326C0690B7FD3FA99BC2136B315C3A4A689E59BE0','C7E72375D26064FE916E68FC092AB73F9DD8CFF9717DAED0B3D715B3FA7F9359','','','Nilsson.philip12@gmail.com','2013-12-04 22:28:03','81.233.222.29',0,0,'00','2013-12-07 15:37:02',0,2,0,'','',0,'Win',0,NULL,51670,NULL,NULL,1,'7YGwvz4oIs9rUwFlkjvwH4H83TC8Gd3Bvm3BICzkOI3wGRzRac'),(202,'PTEST','8906EF15EA3DC7BD4DDABCEF854638094FCB6B3F','1B3E4BBA1C00FE99DFD4926977FDA76E5810278BA483696062B7C0BB8D2A7E3CAC33B59E841BDEFC','04C740C912EDEC1AF2BDC2765F83AAFDFF99DD17634B5A6B7A338B42583182AE','B5E34B2E3AF90525788B4346B3A33013AED8D9FAAEB1A92445E443A9064192DF','','','','2013-12-06 00:47:17','68.200.122.123',0,0,'00','2013-12-06 01:07:33',0,2,0,'','',0,'Win',0,NULL,NULL,NULL,NULL,NULL,NULL),(203,'Rngdog','732E82975802525EA071DB6E6C8ACF740707D904','F533C554C772CA2992250196BF9E38446892B77C57730F43DA1F4D322906179212EDD6D8EDF89A7F','2BA31AA20D5758CCB488E7373F0FA804FD405BDDF30797AF601C8CF376C42F33','E2E4B11E9B8C8074B0EF5445920C39047A45B317E905527B96FEDD9D16944683','','','Marloneszx@gmail.com','2013-12-06 01:37:44','84.106.170.109',0,0,'00','2013-12-07 00:30:54',0,2,0,'','',0,'Win',0,NULL,31208,NULL,NULL,1,'4rJ1yUcWYxgEzyjyfGO2UAJewu4XedZqHZGS5zTwpPgDY4OOgN'),(204,'Philipnk','5A3B620792D64F77B565060689E0BFE52DCBB0C8','0382AD22EE88EA93A661890E3ED8A2A1F4A0DF9CF76C2C011FA45E02512086B8CC89F1939429BE24','1E17A02AF925A2D09A536F6A48DC1C688B3F5FDEA9C1E9E44BA91F8E132CB5B7','958B13D9AE1F9245E4B82C6C0F32C35C9131CA5AD06FE643A6103FC159F1B22F','','','Nilsson.philip11@gmail.com','2013-12-07 13:49:25','81.233.222.29',0,0,'00','2013-12-07 13:49:41',0,2,0,'','',0,'Win',0,NULL,49946,NULL,NULL,1,'meL2isaxiFFxDGm5crt3yQjWQbMcAKN7NkkarKrJQhDOeJNRro'),(205,'Veilah2','0E486233A833C70541173153DDB144AD462182FF','FA478E9D0B85F50BFB1428231CE01A3C53DC1292940B77FF720C0071C451E40A2D547301B0A18627','56C8413F7BB1BE8E880421FD2EEC3875B65C3A9C9E67C142AD60241F57ADED5E','C9BF43A64A78D9F2F66D4B24AAA220F39E47FB939E2A6237EF5E034AD13205D9','','','Vindicarisoftworks@gmail.com','2013-12-07 20:40:24','71.205.138.228',0,0,'00','2013-12-10 18:09:01',0,2,0,'','',0,'Win',0,NULL,58970,NULL,NULL,1,'6wI5eYFS13AIYIiag22MX9krwNscyTEaFl69taNdJlT6az9s3g'),(206,'RazorX','E9A81992B06357CAF53ECA0717ADF48086E95A84','1274920D0E1D418E43B30F8ABB72B8A9AFBBC8F590A9F924EEAA9F7216370484BB95C22FAD857198','2858F785C3ECC607DF8C5CF89A759F8BF8FD2BA1B32FF9AE7070E60C80D59196','CDB9C42387E92C90DA801DEC2915B0F17E42E4D8C2D0D13F7BE1D28CDA54D231','','','Razorx2008@googlemail.com','2013-12-12 19:53:17','2.97.145.187',0,0,'00','2013-12-23 15:06:13',1,2,0,'','',0,'Win',0,NULL,76084,NULL,NULL,1,'8d7yJvYmDEUPldINPtZcqjcV3hFgrA45AWNUGaQZt4mHhAWhOo'),(207,'Jaseto','A042E06E354E4B0CC6CC0EB246CE7C7F78798756','','','','','','Kotence_sladichko@abv.bg','2013-12-14 01:52:45','127.0.0.1',0,0,'00','0000-00-00 00:00:00',0,2,0,'','',0,'',0,NULL,54351,NULL,NULL,1,'VK7wloBOLqU79MYv2n3ziN454ykd9Je6HKXq4xhoT381wQ7i1D'),(208,'Gioratusa','5F32288585BEDA9385755AA36523906792F683E6','','','','','','Giorat.usa@gmail.com','2013-12-14 05:12:48','127.0.0.1',0,0,'00','0000-00-00 00:00:00',0,2,0,'','',0,'',0,NULL,79251,NULL,NULL,1,'TVCkjdAktcXzHkUIHdrvhDXpIRFu9GdUohLPilLSqY58zJlbHc'),(209,'UDev','563FF791A386199B1D5C7F0E24F30A02111B5A56','','','','','','Udev@programmer.net','2013-12-18 13:00:20','127.0.0.1',0,0,'00','0000-00-00 00:00:00',0,2,0,'','',0,'',0,NULL,13862,NULL,NULL,1,'uRSU9PZKlJyEa3MUtqgANCDXF6Sbc3UmYjX7tA1jhLMP1HMGg6'),(210,'Lox123','9D13AD21A7D23EC406E114CB6169681BC387A3DA','6E0434DEEBA267B43EF3420E572D4DE2305ECAAE0EE0BE1742C417818DA4EC56ED16C6026AFBD5CC','09B5609489889838E950E6ADC250B20F1B81C296E3D1224FC1101B9F8171A236','84B19A7D30D0340C5901D0FA61026E99F49DC6844F02383DF7444C38135EDFA1','','','Asdzxc@mail.ru','2013-12-18 16:56:14','178.123.141.78',0,0,'00','2013-12-18 17:03:27',0,2,0,'','',0,'Win',0,NULL,76636,NULL,NULL,1,'Nwee1ALlvcwsfWenaLc7MzPxdm47k8HDX39KU8dHWRB4gQz4xh'),(211,'DarkAngel','C5E8268D400244FF0F257412727D07478E3E0986','E64E4ACE7F7ECE4DEC445DA510E183ABE425A8D25DED352BDB34CB77838343C8263A2D8184D8E2EC','247132D30A6C611FEC0722EF809708F84FD82CE5337278D901C04F4AEC2310A0','FB3E028F0D50E2B6FB76051B8AB37491F2B1CF6E0F99A46912DDD8E615DF79A9','','','Wilstrupmarcus@gmail.com','2013-12-19 09:12:03','188.178.146.222',0,0,'00','2013-12-23 15:06:13',1,2,0,'','',0,'Win',0,NULL,51790,NULL,NULL,1,'94NlKpv2byKaTpyGHZZPNrZJKZutqMS4dprDTzZwHsjVqQIQr2'),(212,'Dayimamad','D9F9E68A71DBF39BDBFF8B442C2A0B5605CB7193','','','','','','Idi_idi9@yahoo.com','2013-12-21 01:38:54','127.0.0.1',0,0,'00','0000-00-00 00:00:00',0,2,0,'','',0,'',0,NULL,33315,NULL,NULL,1,'UStrzYYDIe7cHob9NDq8C7mS4JdADbSXnoM7cNNgxkGrV7uTTu'),(213,'Zolesz123','48723CA32AE660CB6D4E800F2BDAD4D145B0761E','ABF977A6F73DD25DA9D328F5347E92F97197FAF660518692DCEC9AFB1BB519D9D25C4D4D819772F7','444421DAF15717DB085C92EB34B3780C64AD4F3779778893053BB9F07F389A87','E3DC49B90E0B98DB07217C65CE61AB269B166704E96701B35A9E754C95B2D00F','','','Zolesz99@freemail.hu','2013-12-21 09:11:21','217.145.199.38',0,0,'00','2013-12-21 09:11:49',0,2,0,'','',0,'Win',0,NULL,51013,NULL,NULL,1,'Ejtv36nQT5pIIhmtDjHyaDTPIfuazm475iotoX6VXLnnVbPPRG'),(214,'Guest','0E092100BDCA287BA06179FE97E8A88C5AADD511','1450A5F03542F13AC1DAA0F0EA7AA12E5B689326A18CA9BF56F1D839104858086B58C9A7A65AE3A8','81C198B995B7C631836D2830A62236CA8F9E1310D6220D2CB7D78DC0BAD9E104','9D70582103569AF1AE3B0448CE2FB75A301467C8A7DA331C5BF04A3315445FDD','','','None@none.com','2013-12-22 15:43:11','2.97.145.187',0,0,'00','2013-12-22 15:48:58',0,2,0,'','',0,'Win',0,NULL,72544,NULL,NULL,1,'r5Hl9DKXtHRsFuL52fxkMEf7bnrlolnT4XWMcb7WF7bh84o8Tw'),(215,'Wwoods','781F5E4E769EAB16B24AAB23D120897E9CD63D04','','','','','','Itrollonyou300@gmail.com','2013-12-22 18:40:11','127.0.0.1',0,0,'00','0000-00-00 00:00:00',0,2,0,'','',0,'',0,NULL,31535,NULL,NULL,1,'ag22MX9krwNscyTEaFl69taNdJlT6az9s3goUv1qHttE5n1YyJ'),(216,'Cocopuff','E7E93EFCE8FA44B3E5FEF69AF739C37846DADA52','183CAEE6B8C30AEC537C5C0ADCBFB4131FD10515682DEE43D2B3B2A2498E6245C989799F11287B67','2A99722BC25788F4090155A272D2B6B51571222487E247AFF397E1E741338EC6','DD2BDC3830A1B6BA4FBDCBC2C925065275935D960ACF2DD050DD6FB1DF760AA5','','','Doomwow.rw@gmail.com','2013-12-22 18:44:36','172.8.178.169',0,0,'00','2013-12-22 19:09:19',0,2,0,'','',0,'Win',0,NULL,42168,NULL,NULL,1,'kXkDg4s6TeVhdR3zRy2cp32y2oslesISI4t2Xo29r2wkEGmwoD'),(218,'DarkAngel2','E0560ADCADF8B0D3554F5CC527F0D85060020512','CAB82A41A6B84CDF588D71E5BF8D44C7E2D80F5B1FAC65A01E42DE3D9465BAD5617D3A9F1A0DFB65','10600EE137D9A96BE55133F05630EC345BFBDCF7157BC68FC57A675FEAB2E1FF','9F5BC3FDB2C4736449C359F16A62AA2775AC799E5BDBE52A1B953487D445714F','','','Marcuswilstrup@hotmail.com','2013-12-22 19:06:18','188.178.146.222',0,0,'00','2013-12-23 05:23:58',0,2,0,'','',0,'Win',0,NULL,57485,NULL,NULL,1,'MI6Ka6ZWlZ7lgkVjWhCEV5QajGCoHOESyQVBSxh277vuqOrPrg'),(219,'Hellscreambc','DFCFA82B658F2CA04C27B473A8A504340ED3F6F8','297DAE7425637A37FC272625DB1A1D70A56A9FB4E331FE61AAA8B9F6E8C1D5F348F2174ADEC6ED6D','6C47EE7B8698AA426A58BCC2FB666CE24C13B7F0C1D8558760073BDBFE10019B','87AF3D31A54DAE2299A6ACEA49E9BAB1866695254ED9AC7235EF9EEACEE9E719','','','Hellhammer94@gmail.com','2013-12-23 09:13:06','37.19.108.38',0,0,'00','2013-12-23 09:16:52',1,2,0,'','',0,'Win',0,NULL,13044,NULL,NULL,1,'MowD6irL84EALlCXPCO1Fc38WXNlBEwWNvYjxKJyKskncMN5hH'),(220,'Ajbaileywi','4E6F4C2319EFBFAC72AB36409C6158E51EC0E65F','3A5FD97C7A961B3564FAB3F524DB4730B19DB3EEBF63EBD6274E3C688401E81EAFAE04A3A8E17FDC','54B51CC98CC65F0B99D9952C8B34E9A6460C9DF8207C605B7CC619CC41376839','8933058C078F4E4CFAD79A20E0224F1A550C4705F2F6FE3D7B62FA5F2C16D56D','','','Ajbailey@gmail.com','2013-12-23 10:15:36','174.102.224.184',0,0,'00','2013-12-23 12:03:10',0,2,0,'','',0,'Win',0,NULL,86470,NULL,NULL,1,'MzPxdm47k8HDX39KU8dHWRB4gQz4xh1KuoEZssfNyo1y8MV6lj'),(221,'Serega9','C6480B1FA614F66360E966412C7DC731C123A9F5','96F35040580FBF31EFE3D2A30880617BCB41D3CE9F2DE7FEE6A853575F993DE35C20AEE80742B8B8','2B48F58E6AE6B575CE38D17AFC1B479E2F2646A2AAE810FFC381C0DE79BD7F54','FEB4B9F74F940C991CB459EE7C43B096877FB0E4465AB7F91C0AC76F14838E53','','','Hjrejgrkegjnjnb@mail.ru','2013-12-23 12:26:07','94.75.14.180',0,0,'00','2013-12-23 12:27:59',0,2,0,'','',8,'Win',0,NULL,30031,NULL,NULL,1,'sdwlxmNqeXOUI7EjJekKzBkJ45aeEoVJT3iY95BcIX2cdFdjrK');

/*Table structure for table `account_access` */

DROP TABLE IF EXISTS `account_access`;

CREATE TABLE `account_access` (
  `id` int(10) unsigned NOT NULL,
  `gmlevel` tinyint(3) unsigned NOT NULL,
  `RealmID` int(11) NOT NULL DEFAULT '-1',
  PRIMARY KEY (`id`,`RealmID`)
) ENGINE=InnoDB DEFAULT CHARSET=utf8;

/*Data for the table `account_access` */

insert  into `account_access`(`id`,`gmlevel`,`RealmID`) values (3,10,-1),(6,5,-1),(16,5,-1),(97,8,-1),(140,7,-1),(194,5,-1),(198,5,-1),(200,5,-1),(206,5,-1),(209,5,-1),(211,5,-1),(218,5,-1);

/*Table structure for table `account_banned` */

DROP TABLE IF EXISTS `account_banned`;

CREATE TABLE `account_banned` (
  `id` int(10) unsigned NOT NULL DEFAULT '0' COMMENT 'Account id',
  `bandate` int(10) unsigned NOT NULL DEFAULT '0',
  `unbandate` int(10) unsigned NOT NULL DEFAULT '0',
  `bannedby` varchar(50) NOT NULL,
  `banreason` varchar(255) NOT NULL,
  `active` tinyint(3) unsigned NOT NULL DEFAULT '1',
  PRIMARY KEY (`id`,`bandate`)
) ENGINE=InnoDB DEFAULT CHARSET=utf8 COMMENT='Ban List';

/*Data for the table `account_banned` */

insert  into `account_banned`(`id`,`bandate`,`unbandate`,`bannedby`,`banreason`,`active`) values (72,4294967295,4294967295,'Jcarter','Left Project',1),(198,1386311389,1386311389,'Wargasm','bye',1);

/*Table structure for table `autobroadcast` */

DROP TABLE IF EXISTS `autobroadcast`;

CREATE TABLE `autobroadcast` (
  `realmid` int(11) NOT NULL DEFAULT '-1',
  `id` tinyint(3) unsigned NOT NULL AUTO_INCREMENT,
  `weight` tinyint(3) unsigned DEFAULT '1',
  `text` longtext NOT NULL,
  PRIMARY KEY (`id`,`realmid`)
) ENGINE=InnoDB AUTO_INCREMENT=4 DEFAULT CHARSET=utf8;

/*Data for the table `autobroadcast` */

insert  into `autobroadcast`(`realmid`,`id`,`weight`,`text`) values (-1,1,1,'If you\'d like to fly everywhere in game, use commands: .flyall on, and flyall off'),(-1,2,1,'If you want to run an instance and no one is on, try a bot party.  Use command: .npcbot helper'),(-1,3,1,'This server is in Alpha Phase... If you run into a bug please report it in the forums.');

/*Table structure for table `ip2nation` */

DROP TABLE IF EXISTS `ip2nation`;

CREATE TABLE `ip2nation` (
  `ip` int(11) unsigned NOT NULL DEFAULT '0',
  `country` char(2) NOT NULL DEFAULT '',
  KEY `ip` (`ip`)
) ENGINE=InnoDB DEFAULT CHARSET=utf8;

/*Data for the table `ip2nation` */

/*Table structure for table `ip2nationcountries` */

DROP TABLE IF EXISTS `ip2nationcountries`;

CREATE TABLE `ip2nationcountries` (
  `code` varchar(4) NOT NULL DEFAULT '',
  `iso_code_2` varchar(2) NOT NULL DEFAULT '',
  `iso_code_3` varchar(3) DEFAULT '',
  `iso_country` varchar(255) NOT NULL DEFAULT '',
  `country` varchar(255) NOT NULL DEFAULT '',
  `lat` float NOT NULL DEFAULT '0',
  `lon` float NOT NULL DEFAULT '0',
  PRIMARY KEY (`code`),
  KEY `code` (`code`)
) ENGINE=InnoDB DEFAULT CHARSET=utf8;

/*Data for the table `ip2nationcountries` */

/*Table structure for table `ip_banned` */

DROP TABLE IF EXISTS `ip_banned`;

CREATE TABLE `ip_banned` (
  `ip` varchar(15) NOT NULL DEFAULT '127.0.0.1',
  `bandate` int(10) unsigned NOT NULL,
  `unbandate` int(10) unsigned NOT NULL,
  `bannedby` varchar(50) NOT NULL DEFAULT '[Console]',
  `banreason` varchar(255) NOT NULL DEFAULT 'no reason',
  PRIMARY KEY (`ip`,`bandate`)
) ENGINE=InnoDB DEFAULT CHARSET=utf8 COMMENT='Banned IPs';

/*Data for the table `ip_banned` */

insert  into `ip_banned`(`ip`,`bandate`,`unbandate`,`bannedby`,`banreason`) values ('185.18.63.102',999999999,4294967295,'JCarter','Left Project');

/*Table structure for table `logs` */

DROP TABLE IF EXISTS `logs`;

CREATE TABLE `logs` (
  `time` int(10) unsigned NOT NULL,
  `realm` int(10) unsigned NOT NULL,
  `type` varchar(250) DEFAULT NULL,
  `level` tinyint(3) unsigned NOT NULL DEFAULT '0',
  `string` text CHARACTER SET latin1
) ENGINE=InnoDB DEFAULT CHARSET=utf8;

/*Data for the table `logs` */

/*Table structure for table `rbac_account_permissions` */

DROP TABLE IF EXISTS `rbac_account_permissions`;

CREATE TABLE `rbac_account_permissions` (
  `accountId` int(10) unsigned NOT NULL COMMENT 'Account id',
  `permissionId` int(10) unsigned NOT NULL COMMENT 'Permission id',
  `granted` tinyint(1) NOT NULL DEFAULT '1' COMMENT 'Granted = 1, Denied = 0',
  `realmId` int(11) NOT NULL DEFAULT '-1' COMMENT 'Realm Id, -1 means all',
  PRIMARY KEY (`accountId`,`permissionId`,`realmId`),
  KEY `fk__rbac_account_roles__rbac_permissions` (`permissionId`),
  CONSTRAINT `fk__rbac_account_permissions__account` FOREIGN KEY (`accountId`) REFERENCES `account` (`id`) ON DELETE CASCADE,
  CONSTRAINT `fk__rbac_account_roles__rbac_permissions` FOREIGN KEY (`permissionId`) REFERENCES `rbac_permissions` (`id`) ON DELETE CASCADE
) ENGINE=InnoDB DEFAULT CHARSET=utf8 COMMENT='Account-Permission relation';

/*Data for the table `rbac_account_permissions` */

/*Table structure for table `rbac_default_permissions` */

DROP TABLE IF EXISTS `rbac_default_permissions`;

CREATE TABLE `rbac_default_permissions` (
  `secId` int(10) unsigned NOT NULL COMMENT 'Security Level id',
  `permissionId` int(10) unsigned NOT NULL COMMENT 'permission id',
  PRIMARY KEY (`secId`,`permissionId`),
  KEY `fk__rbac_default_permissions__rbac_permissions` (`permissionId`),
  CONSTRAINT `fk__rbac_default_permissions__rbac_permissions` FOREIGN KEY (`permissionId`) REFERENCES `rbac_permissions` (`id`)
) ENGINE=InnoDB DEFAULT CHARSET=utf8 COMMENT='Default permission to assign to different account security levels';

/*Data for the table `rbac_default_permissions` */

insert  into `rbac_default_permissions`(`secId`,`permissionId`) values (3,192),(4,192),(5,192),(6,192),(7,192),(8,192),(9,192),(10,192),(2,193),(1,194),(0,195);

/*Table structure for table `rbac_linked_permissions` */

DROP TABLE IF EXISTS `rbac_linked_permissions`;

CREATE TABLE `rbac_linked_permissions` (
  `id` int(10) unsigned NOT NULL COMMENT 'Permission id',
  `linkedId` int(10) unsigned NOT NULL COMMENT 'Linked Permission id',
  PRIMARY KEY (`id`,`linkedId`),
  KEY `fk__rbac_linked_permissions__rbac_permissions1` (`id`),
  KEY `fk__rbac_linked_permissions__rbac_permissions2` (`linkedId`),
  CONSTRAINT `fk__rbac_linked_permissions__rbac_permissions1` FOREIGN KEY (`id`) REFERENCES `rbac_permissions` (`id`) ON DELETE CASCADE,
  CONSTRAINT `fk__rbac_linked_permissions__rbac_permissions2` FOREIGN KEY (`linkedId`) REFERENCES `rbac_permissions` (`id`) ON DELETE CASCADE
) ENGINE=InnoDB DEFAULT CHARSET=utf8 COMMENT='Permission - Linked Permission relation';

/*Data for the table `rbac_linked_permissions` */

insert  into `rbac_linked_permissions`(`id`,`linkedId`) values (192,21),(192,42),(192,43),(192,193),(192,196),(192,900),(193,48),(193,194),(193,197),(194,1),(194,2),(194,11),(194,13),(194,14),(194,15),(194,16),(194,17),(194,18),(194,19),(194,20),(194,22),(194,23),(194,25),(194,26),(194,27),(194,28),(194,29),(194,30),(194,31),(194,32),(194,33),(194,34),(194,35),(194,36),(194,37),(194,38),(194,39),(194,40),(194,41),(194,44),(194,46),(194,47),(194,195),(194,198),(195,3),(195,4),(195,5),(195,6),(195,24),(195,49),(195,199),(195,1000),(195,1001),(195,1002),(195,1003),(195,1004),(195,1005),(195,1006),(195,1007),(195,1008),(195,1009),(195,1010),(195,1012),(195,1013),(195,1014),(195,1015),(195,1016),(196,200),(196,201),(196,202),(196,203),(196,204),(196,205),(196,206),(196,226),(196,227),(196,230),(196,231),(196,233),(196,234),(196,235),(196,238),(196,239),(196,240),(196,241),(196,242),(196,243),(196,244),(196,245),(196,246),(196,247),(196,248),(196,249),(196,250),(196,251),(196,252),(196,253),(196,254),(196,255),(196,256),(196,257),(196,258),(196,259),(196,260),(196,261),(196,262),(196,264),(196,265),(196,266),(196,267),(196,268),(196,269),(196,270),(196,271),(196,272),(196,279),(196,280),(196,283),(196,287),(196,288),(196,289),(196,290),(196,291),(196,292),(196,293),(196,294),(196,295),(196,296),(196,297),(196,298),(196,299),(196,302),(196,303),(196,304),(196,305),(196,306),(196,307),(196,308),(196,309),(196,310),(196,313),(196,314),(196,319),(196,320),(196,321),(196,322),(196,323),(196,324),(196,325),(196,326),(196,327),(196,328),(196,329),(196,330),(196,331),(196,332),(196,333),(196,334),(196,335),(196,336),(196,337),(196,338),(196,339),(196,340),(196,341),(196,342),(196,343),(196,344),(196,345),(196,346),(196,347),(196,348),(196,349),(196,350),(196,351),(196,352),(196,353),(196,354),(196,355),(196,356),(196,357),(196,358),(196,359),(196,360),(196,361),(196,362),(196,363),(196,364),(196,365),(196,366),(196,373),(196,375),(196,400),(196,401),(196,402),(196,403),(196,404),(196,405),(196,406),(196,407),(196,417),(196,418),(196,419),(196,420),(196,421),(196,422),(196,423),(196,424),(196,425),(196,426),(196,427),(196,428),(196,429),(196,434),(196,435),(196,436),(196,437),(196,438),(196,439),(196,440),(196,441),(196,442),(196,443),(196,444),(196,445),(196,446),(196,447),(196,448),(196,449),(196,450),(196,451),(196,452),(196,453),(196,454),(196,455),(196,456),(196,457),(196,458),(196,459),(196,461),(196,463),(196,464),(196,465),(196,472),(196,473),(196,474),(196,475),(196,476),(196,477),(196,478),(196,488),(196,489),(196,491),(196,492),(196,493),(196,495),(196,497),(196,498),(196,499),(196,500),(196,502),(196,503),(196,505),(196,508),(196,511),(196,513),(196,514),(196,516),(196,519),(196,522),(196,523),(196,526),(196,527),(196,529),(196,530),(196,533),(196,535),(196,536),(196,537),(196,538),(196,539),(196,540),(196,541),(196,556),(196,581),(196,582),(196,592),(196,593),(196,596),(196,602),(196,603),(196,604),(196,605),(196,606),(196,607),(196,608),(196,609),(196,610),(196,611),(196,612),(196,613),(196,615),(196,616),(196,617),(196,618),(196,619),(196,620),(196,621),(196,622),(196,623),(196,624),(196,625),(196,626),(196,627),(196,628),(196,629),(196,630),(196,633),(196,634),(196,635),(196,636),(196,637),(196,638),(196,639),(196,640),(196,641),(196,642),(196,643),(196,644),(196,645),(196,646),(196,647),(196,648),(196,649),(196,650),(196,651),(196,652),(196,653),(196,654),(196,655),(196,656),(196,657),(196,658),(196,659),(196,660),(196,661),(196,662),(196,663),(196,664),(196,665),(196,666),(196,667),(196,668),(196,669),(196,670),(196,671),(196,672),(196,673),(196,674),(196,675),(196,676),(196,677),(196,678),(196,679),(196,680),(196,681),(196,682),(196,683),(196,684),(196,685),(196,686),(196,687),(196,688),(196,689),(196,690),(196,691),(196,692),(196,693),(196,694),(196,695),(196,696),(196,697),(196,698),(196,699),(196,700),(196,701),(196,702),(196,703),(196,704),(196,705),(196,706),(196,707),(196,708),(196,709),(196,710),(196,711),(196,712),(196,713),(196,714),(196,715),(196,716),(196,717),(196,718),(196,719),(196,721),(196,722),(196,723),(196,724),(196,725),(196,726),(196,727),(196,728),(196,729),(196,730),(196,733),(196,734),(196,735),(196,736),(196,738),(196,739),(196,748),(196,753),(196,757),(196,773),(197,232),(197,236),(197,237),(197,273),(197,274),(197,275),(197,276),(197,277),(197,284),(197,285),(197,286),(197,301),(197,311),(197,387),(197,388),(197,389),(197,390),(197,391),(197,392),(197,393),(197,394),(197,395),(197,396),(197,397),(197,398),(197,399),(197,479),(197,480),(197,481),(197,482),(197,485),(197,486),(197,487),(197,494),(197,506),(197,509),(197,510),(197,517),(197,518),(197,521),(197,542),(197,543),(197,550),(197,558),(197,568),(197,571),(197,572),(197,573),(197,574),(197,575),(197,576),(197,577),(197,578),(197,579),(197,580),(197,583),(197,584),(197,585),(197,586),(197,587),(197,588),(197,589),(197,590),(197,591),(197,594),(197,595),(197,601),(197,743),(197,750),(197,758),(197,761),(197,762),(197,763),(197,764),(197,765),(197,766),(197,767),(197,768),(197,769),(197,770),(197,771),(197,772),(197,774),(198,218),(198,300),(198,312),(198,315),(198,316),(198,317),(198,318),(198,367),(198,368),(198,369),(198,370),(198,371),(198,372),(198,374),(198,376),(198,377),(198,378),(198,379),(198,380),(198,381),(198,382),(198,383),(198,384),(198,385),(198,386),(198,408),(198,409),(198,410),(198,411),(198,412),(198,413),(198,414),(198,415),(198,416),(198,430),(198,431),(198,432),(198,433),(198,462),(198,466),(198,467),(198,468),(198,469),(198,470),(198,471),(198,483),(198,484),(198,490),(198,504),(198,512),(198,515),(198,520),(198,524),(198,528),(198,531),(198,532),(198,544),(198,545),(198,546),(198,547),(198,548),(198,549),(198,551),(198,552),(198,553),(198,554),(198,555),(198,557),(198,559),(198,560),(198,561),(198,562),(198,563),(198,564),(198,565),(198,566),(198,567),(198,569),(198,570),(198,597),(198,598),(198,599),(198,600),(198,737),(198,740),(198,741),(198,742),(198,744),(198,745),(198,746),(198,747),(198,749),(198,751),(198,752),(198,754),(198,755),(198,756),(198,759),(198,760),(199,217),(199,221),(199,222),(199,223),(199,225),(199,263),(199,496),(199,501),(199,507),(199,525),(199,534);

/*Table structure for table `rbac_permissions` */

DROP TABLE IF EXISTS `rbac_permissions`;

CREATE TABLE `rbac_permissions` (
  `id` int(10) unsigned NOT NULL DEFAULT '0' COMMENT 'Permission id',
  `name` varchar(100) NOT NULL COMMENT 'Permission name',
  PRIMARY KEY (`id`)
) ENGINE=InnoDB DEFAULT CHARSET=utf8 COMMENT='Permission List';

/*Data for the table `rbac_permissions` */

insert  into `rbac_permissions`(`id`,`name`) values (1,'Instant logout'),(2,'Skip Queue'),(3,'Join Normal Battleground'),(4,'Join Random Battleground'),(5,'Join Arenas'),(6,'Join Dungeon Finder'),(11,'Log GM trades'),(13,'Skip Instance required bosses check'),(14,'Skip character creation team mask check'),(15,'Skip character creation class mask check'),(16,'Skip character creation race mask check'),(17,'Skip character creation reserved name check'),(18,'Skip character creation heroic min level check'),(19,'Skip needed requirements to use channel check'),(20,'Skip disable map check'),(21,'Skip reset talents when used more than allowed check'),(22,'Skip spam chat check'),(23,'Skip over-speed ping check'),(24,'Two side faction characters on the same account'),(25,'Allow say chat between factions'),(26,'Allow channel chat between factions'),(27,'Two side mail interaction'),(28,'See two side who list'),(29,'Add friends of other faction'),(30,'Save character without delay with .save command'),(31,'Use params with .unstuck command'),(32,'Can be assigned tickets with .assign ticket command'),(33,'Notify if a command was not found'),(34,'Check if should appear in list using .gm ingame command'),(35,'See all security levels with who command'),(36,'Filter whispers'),(37,'Use staff badge in chat'),(38,'Resurrect with full Health Points'),(39,'Restore saved gm setting states'),(40,'Allows to add a gm to friend list'),(41,'Use Config option START_GM_LEVEL to assign new character level'),(42,'Allows to use CMSG_WORLD_TELEPORT opcode'),(43,'Allows to use CMSG_WHOIS opcode'),(44,'Receive global GM messages/texts'),(45,'Join channels without announce'),(46,'Change channel settings without being channel moderator'),(47,'Enables lower security than target check'),(48,'Enable IP, Last Login and EMail output in pinfo'),(49,'Forces to enter the email for confirmation on password change'),(50,'Allow user to check his own email with .account'),(192,'Role: Sec Level Administrator'),(193,'Role: Sec Level Gamemaster'),(194,'Role: Sec Level Moderator'),(195,'Role: Sec Level Player'),(196,'Role: Administrator Commands'),(197,'Role: Gamemaster Commands'),(198,'Role: Moderator Commands'),(199,'Role: Player Commands'),(200,'Command: .rbac'),(201,'Command: .rbac account'),(202,'Command: .rbac account permission'),(203,'Command: .rbac account permission grant'),(204,'Command: .rbac account permission deny'),(205,'Command: .rbac account permission revoke'),(206,'Command: .rbac list'),(217,'Command: .account'),(218,'Command: .account addon'),(219,'Command: .account create'),(220,'Command: .account delete'),(221,'Command: .account lock'),(222,'Command: .account lock country'),(223,'Command: .account lock ip'),(224,'Command: .account onlinelist'),(225,'Command: .account password'),(226,'Command: .account set'),(227,'Command: .account set addon'),(228,'Command: .account set gmlevel'),(229,'Command: .account set password'),(230,'Command: achievement'),(231,'Command: achievement add'),(232,'Command: arena'),(233,'Command: arena captain'),(234,'Command: arena create'),(235,'Command: arena disband'),(236,'Command: arena info'),(237,'Command: arena lookup'),(238,'Command: arena rename'),(239,'Command: ban'),(240,'Command: ban account'),(241,'Command: ban character'),(242,'Command: ban ip'),(243,'Command: ban playeraccount'),(244,'Command: baninfo'),(245,'Command: baninfo account'),(246,'Command: baninfo character'),(247,'Command: baninfo ip'),(248,'Command: banlist'),(249,'Command: banlist account'),(250,'Command: banlist character'),(251,'Command: banlist ip'),(252,'Command: unban'),(253,'Command: unban account'),(254,'Command: unban character'),(255,'Command: unban ip'),(256,'Command: unban playeraccount'),(257,'Command: bf'),(258,'Command: bf start'),(259,'Command: bf stop'),(260,'Command: bf switch'),(261,'Command: bf timer'),(262,'Command: bf enable'),(263,'Command: account email'),(264,'Command: account set sec'),(265,'Command: account set sec email'),(266,'Command: account set sec regmail'),(267,'Command: cast'),(268,'Command: cast back'),(269,'Command: cast dist'),(270,'Command: cast self'),(271,'Command: cast target'),(272,'Command: cast dest'),(273,'Command: character'),(274,'Command: character customize'),(275,'Command: character changefaction'),(276,'Command: character changerace'),(277,'Command: character deleted'),(279,'Command: character deleted list'),(280,'Command: character deleted restore'),(283,'Command: character level'),(284,'Command: character rename'),(285,'Command: character reputation'),(286,'Command: character titles'),(287,'Command: levelup'),(288,'Command: pdump'),(289,'Command: pdump load'),(290,'Command: pdump write'),(291,'Command: cheat'),(292,'Command: cheat casttime'),(293,'Command: cheat cooldown'),(294,'Command: cheat explore'),(295,'Command: cheat god'),(296,'Command: cheat power'),(297,'Command: cheat status'),(298,'Command: cheat taxi'),(299,'Command: cheat waterwalk'),(300,'Command: debug'),(301,'Command: debug anim'),(302,'Command: debug areatriggers'),(303,'Command: debug arena'),(304,'Command: debug bg'),(305,'Command: debug entervehicle'),(306,'Command: debug getitemstate'),(307,'Command: debug getitemvalue'),(308,'Command: debug getvalue'),(309,'Command: debug hostil'),(310,'Command: debug itemexpire'),(311,'Command: debug lootrecipient'),(312,'Command: debug los'),(313,'Command: debug mod32value'),(314,'Command: debug moveflags'),(315,'Command: debug play'),(316,'Command: debug play cinematics'),(317,'Command: debug play movie'),(318,'Command: debug play sound'),(319,'Command: debug send'),(320,'Command: debug send buyerror'),(321,'Command: debug send channelnotify'),(322,'Command: debug send chatmessage'),(323,'Command: debug send equiperror'),(324,'Command: debug send largepacket'),(325,'Command: debug send opcode'),(326,'Command: debug send qinvalidmsg'),(327,'Command: debug send qpartymsg'),(328,'Command: debug send sellerror'),(329,'Command: debug send setphaseshift'),(330,'Command: debug send spellfail'),(331,'Command: debug setaurastate'),(332,'Command: debug setbit'),(333,'Command: debug setitemvalue'),(334,'Command: debug setvalue'),(335,'Command: debug setvid'),(336,'Command: debug spawnvehicle'),(337,'Command: debug threat'),(338,'Command: debug update'),(339,'Command: debug uws'),(340,'Command: wpgps'),(341,'Command: deserter'),(342,'Command: deserter bg'),(343,'Command: deserter bg add'),(344,'Command: deserter bg remove'),(345,'Command: deserter instance'),(346,'Command: deserter instance add'),(347,'Command: deserter instance remove'),(348,'Command: disable'),(349,'Command: disable add'),(350,'Command: disable add achievement_criteria'),(351,'Command: disable add battleground'),(352,'Command: disable add map'),(353,'Command: disable add mmap'),(354,'Command: disable add outdoorpvp'),(355,'Command: disable add quest'),(356,'Command: disable add spell'),(357,'Command: disable add vmap'),(358,'Command: disable remove'),(359,'Command: disable remove achievement_criteria'),(360,'Command: disable remove battleground'),(361,'Command: disable remove map'),(362,'Command: disable remove mmap'),(363,'Command: disable remove outdoorpvp'),(364,'Command: disable remove quest'),(365,'Command: disable remove spell'),(366,'Command: disable remove vmap'),(367,'Command: event'),(368,'Command: event activelist'),(369,'Command: event start'),(370,'Command: event stop'),(371,'Command: gm'),(372,'Command: gm chat'),(373,'Command: gm fly'),(374,'Command: gm ingame'),(375,'Command: gm list'),(376,'Command: gm visible'),(377,'Command: go'),(378,'Command: go creature'),(379,'Command: go graveyard'),(380,'Command: go grid'),(381,'Command: go object'),(382,'Command: go taxinode'),(383,'Command: go ticket'),(384,'Command: go trigger'),(385,'Command: go xyz'),(386,'Command: go zonexy'),(387,'Command: gobject'),(388,'Command: gobject activate'),(389,'Command: gobject add'),(390,'Command: gobject add temp'),(391,'Command: gobject delete'),(392,'Command: gobject info'),(393,'Command: gobject move'),(394,'Command: gobject near'),(395,'Command: gobject set'),(396,'Command: gobject set phase'),(397,'Command: gobject set state'),(398,'Command: gobject target'),(399,'Command: gobject turn'),(400,'debug transport'),(401,'Command: guild'),(402,'Command: guild create'),(403,'Command: guild delete'),(404,'Command: guild invite'),(405,'Command: guild uninvite'),(406,'Command: guild rank'),(407,'Command: guild rename'),(408,'Command: honor'),(409,'Command: honor add'),(410,'Command: honor add kill'),(411,'Command: honor update'),(412,'Command: instance'),(413,'Command: instance listbinds'),(414,'Command: instance unbind'),(415,'Command: instance stats'),(416,'Command: instance savedata'),(417,'Command: learn'),(418,'Command: learn all'),(419,'Command: learn all my'),(420,'Command: learn all my class'),(421,'Command: learn all my pettalents'),(422,'Command: learn all my spells'),(423,'Command: learn all my talents'),(424,'Command: learn all gm'),(425,'Command: learn all crafts'),(426,'Command: learn all default'),(427,'Command: learn all lang'),(428,'Command: learn all recipes'),(429,'Command: unlearn'),(430,'Command: lfg'),(431,'Command: lfg player'),(432,'Command: lfg group'),(433,'Command: lfg queue'),(434,'Command: lfg clean'),(435,'Command: lfg options'),(436,'Command: list'),(437,'Command: list creature'),(438,'Command: list item'),(439,'Command: list object'),(440,'Command: list auras'),(441,'Command: list mail'),(442,'Command: lookup'),(443,'Command: lookup area'),(444,'Command: lookup creature'),(445,'Command: lookup event'),(446,'Command: lookup faction'),(447,'Command: lookup item'),(448,'Command: lookup itemset'),(449,'Command: lookup object'),(450,'Command: lookup quest'),(451,'Command: lookup player'),(452,'Command: lookup player ip'),(453,'Command: lookup player account'),(454,'Command: lookup player email'),(455,'Command: lookup skill'),(456,'Command: lookup spell'),(457,'Command: lookup spell id'),(458,'Command: lookup taxinode'),(459,'Command: lookup tele'),(460,'Command: lookup title'),(461,'Command: lookup map'),(462,'Command: announce'),(463,'Command: channel'),(464,'Command: channel set'),(465,'Command: channel set ownership'),(466,'Command: gmannounce'),(467,'Command: gmnameannounce'),(468,'Command: gmnotify'),(469,'Command: nameannounce'),(470,'Command: notify'),(471,'Command: whispers'),(472,'Command: group'),(473,'Command: group leader'),(474,'Command: group disband'),(475,'Command: group remove'),(476,'Command: group join'),(477,'Command: group list'),(478,'Command: group summon'),(479,'Command: pet'),(480,'Command: pet create'),(481,'Command: pet learn'),(482,'Command: pet unlearn'),(483,'Command: send'),(484,'Command: send items'),(485,'Command: send mail'),(486,'Command: send message'),(487,'Command: send money'),(488,'Command: additem'),(489,'Command: additemset'),(490,'Command: appear'),(491,'Command: aura'),(492,'Command: bank'),(493,'Command: bindsight'),(494,'Command: combatstop'),(495,'Command: cometome'),(496,'Command: commands'),(497,'Command: cooldown'),(498,'Command: damage'),(499,'Command: dev'),(500,'Command: die'),(501,'Command: dismount'),(502,'Command: distance'),(503,'Command: flusharenapoints'),(504,'Command: freeze'),(505,'Command: gps'),(506,'Command: guid'),(507,'Command: help'),(508,'Command: hidearea'),(509,'Command: itemmove'),(510,'Command: kick'),(511,'Command: linkgrave'),(512,'Command: listfreeze'),(513,'Command: maxskill'),(514,'Command: movegens'),(515,'Command: mute'),(516,'Command: neargrave'),(517,'Command: pinfo'),(518,'Command: playall'),(519,'Command: possess'),(520,'Command: recall'),(521,'Command: repairitems'),(522,'Command: respawn'),(523,'Command: revive'),(524,'Command: saveall'),(525,'Command: save'),(526,'Command: setskill'),(527,'Command: showarea'),(528,'Command: summon'),(529,'Command: unaura'),(530,'Command: unbindsight'),(531,'Command: unfreeze'),(532,'Command: unmute'),(533,'Command: unpossess'),(534,'Command: unstuck'),(535,'Command: wchange'),(536,'Command: mmap'),(537,'Command: mmap loadedtiles'),(538,'Command: mmap loc'),(539,'Command: mmap path'),(540,'Command: mmap stats'),(541,'Command: mmap testarea'),(542,'Command: morph'),(543,'Command: demorph'),(544,'Command: modify'),(545,'Command: modify arenapoints'),(546,'Command: modify bit'),(547,'Command: modify drunk'),(548,'Command: modify energy'),(549,'Command: modify faction'),(550,'Command: modify gender'),(551,'Command: modify honor'),(552,'Command: modify hp'),(553,'Command: modify mana'),(554,'Command: modify money'),(555,'Command: modify mount'),(556,'Command: modify phase'),(557,'Command: modify rage'),(558,'Command: modify reputation'),(559,'Command: modify runicpower'),(560,'Command: modify scale'),(561,'Command: modify speed'),(562,'Command: modify speed all'),(563,'Command: modify speed backwalk'),(564,'Command: modify speed fly'),(565,'Command: modify speed walk'),(566,'Command: modify speed swim'),(567,'Command: modify spell'),(568,'Command: modify standstate'),(569,'Command: modify talentpoints'),(570,'Command: npc'),(571,'Command: npc add'),(572,'Command: npc add formation'),(573,'Command: npc add item'),(574,'Command: npc add move'),(575,'Command: npc add temp'),(576,'Command: npc add delete'),(577,'Command: npc add delete item'),(578,'Command: npc add follow'),(579,'Command: npc add follow stop'),(580,'Command: npc set'),(581,'Command: npc set allowmove'),(582,'Command: npc set entry'),(583,'Command: npc set factionid'),(584,'Command: npc set flag'),(585,'Command: npc set level'),(586,'Command: npc set link'),(587,'Command: npc set model'),(588,'Command: npc set movetype'),(589,'Command: npc set phase'),(590,'Command: npc set spawndist'),(591,'Command: npc set spawntime'),(592,'Command: npc set data'),(593,'Command: npc info'),(594,'Command: npc near'),(595,'Command: npc move'),(596,'Command: npc playemote'),(597,'Command: npc say'),(598,'Command: npc textemote'),(599,'Command: npc whisper'),(600,'Command: npc yell'),(601,'Command: npc tame'),(602,'Command: quest'),(603,'Command: quest add'),(604,'Command: quest complete'),(605,'Command: quest remove'),(606,'Command: quest reward'),(607,'Command: reload'),(608,'Command: reload access_requirement'),(609,'Command: reload achievement_criteria_data'),(610,'Command: reload achievement_reward'),(611,'Command: reload all'),(612,'Command: reload all achievement'),(613,'Command: reload all area'),(615,'Command: reload all gossips'),(616,'Command: reload all item'),(617,'Command: reload all locales'),(618,'Command: reload all loot'),(619,'Command: reload all npc'),(620,'Command: reload all quest'),(621,'Command: reload all scripts'),(622,'Command: reload all spell'),(623,'Command: reload areatrigger_involvedrelation'),(624,'Command: reload areatrigger_tavern'),(625,'Command: reload areatrigger_teleport'),(626,'Command: reload auctions'),(627,'Command: reload autobroadcast'),(628,'Command: reload command'),(629,'Command: reload conditions'),(630,'Command: reload config'),(633,'Command: reload creature_ai_texts'),(634,'Command: reload creature_questender'),(635,'Command: reload creature_linked_respawn'),(636,'Command: reload creature_loot_template'),(637,'Command: reload creature_onkill_reputation'),(638,'Command: reload creature_queststarter'),(639,'Command: reload creature_summon_groups'),(640,'Command: reload creature_template'),(641,'Command: reload disables'),(642,'Command: reload disenchant_loot_template'),(643,'Command: reload event_scripts'),(644,'Command: reload fishing_loot_template'),(645,'Command: reload game_graveyard_zone'),(646,'Command: reload game_tele'),(647,'Command: reload gameobject_questender'),(648,'Command: reload gameobject_loot_template'),(649,'Command: reload gameobject_queststarter'),(650,'Command: reload gm_tickets'),(651,'Command: reload gossip_menu'),(652,'Command: reload gossip_menu_option'),(653,'Command: reload item_enchantment_template'),(654,'Command: reload item_loot_template'),(655,'Command: reload item_set_names'),(656,'Command: reload lfg_dungeon_rewards'),(657,'Command: reload locales_achievement_reward'),(658,'Command: reload locales_creature'),(659,'Command: reload locales_creature_text'),(660,'Command: reload locales_gameobject'),(661,'Command: reload locales_gossip_menu_option'),(662,'Command: reload locales_item'),(663,'Command: reload locales_item_set_name'),(664,'Command: reload locales_npc_text'),(665,'Command: reload locales_page_text'),(666,'Command: reload locales_points_of_interest'),(667,'Command: reload locales_quest'),(668,'Command: reload mail_level_reward'),(669,'Command: reload mail_loot_template'),(670,'Command: reload milling_loot_template'),(671,'Command: reload npc_spellclick_spells'),(672,'Command: reload npc_trainer'),(673,'Command: reload npc_vendor'),(674,'Command: reload page_text'),(675,'Command: reload pickpocketing_loot_template'),(676,'Command: reload points_of_interest'),(677,'Command: reload prospecting_loot_template'),(678,'Command: reload quest_poi'),(679,'Command: reload quest_template'),(680,'Command: reload rbac'),(681,'Command: reload reference_loot_template'),(682,'Command: reload reserved_name'),(683,'Command: reload reputation_reward_rate'),(684,'Command: reload reputation_spillover_template'),(685,'Command: reload skill_discovery_template'),(686,'Command: reload skill_extra_item_template'),(687,'Command: reload skill_fishing_base_level'),(688,'Command: reload skinning_loot_template'),(689,'Command: reload smart_scripts'),(690,'Command: reload spell_required'),(691,'Command: reload spell_area'),(692,'Command: reload spell_bonus_data'),(693,'Command: reload spell_group'),(694,'Command: reload spell_learn_spell'),(695,'Command: reload spell_loot_template'),(696,'Command: reload spell_linked_spell'),(697,'Command: reload spell_pet_auras'),(698,'Command: reload spell_proc_event'),(699,'Command: reload spell_proc'),(700,'Command: reload spell_scripts'),(701,'Command: reload spell_target_position'),(702,'Command: reload spell_threats'),(703,'Command: reload spell_group_stack_rules'),(704,'Command: reload trinity_string'),(705,'Command: reload warden_action'),(706,'Command: reload waypoint_scripts'),(707,'Command: reload waypoint_data'),(708,'Command: reload vehicle_accessory'),(709,'Command: reload vehicle_template_accessory'),(710,'Command: reset'),(711,'Command: reset achievements'),(712,'Command: reset honor'),(713,'Command: reset level'),(714,'Command: reset spells'),(715,'Command: reset stats'),(716,'Command: reset talents'),(717,'Command: reset all'),(718,'Command: server'),(719,'Command: server corpses'),(720,'Command: server exit'),(721,'Command: server idlerestart'),(722,'Command: server idlerestart cancel'),(723,'Command: server idleshutdown'),(724,'Command: server idleshutdown cancel'),(725,'Command: server info'),(726,'Command: server plimit'),(727,'Command: server restart'),(728,'Command: server restart cancel'),(729,'Command: server set'),(730,'Command: server set closed'),(731,'Command: server set difftime'),(732,'Command: server set loglevel'),(733,'Command: server set motd'),(734,'Command: server shutdown'),(735,'Command: server shutdown cancel'),(736,'Command: server motd'),(737,'Command: tele'),(738,'Command: tele add'),(739,'Command: tele del'),(740,'Command: tele name'),(741,'Command: tele group'),(742,'Command: ticket'),(743,'Command: ticket assign'),(744,'Command: ticket close'),(745,'Command: ticket closedlist'),(746,'Command: ticket comment'),(747,'Command: ticket complete'),(748,'Command: ticket delete'),(749,'Command: ticket escalate'),(750,'Command: ticket escalatedlist'),(751,'Command: ticket list'),(752,'Command: ticket onlinelist'),(753,'Command: ticket reset'),(754,'Command: ticket response'),(755,'Command: ticket response append'),(756,'Command: ticket response appendln'),(757,'Command: ticket togglesystem'),(758,'Command: ticket unassign'),(759,'Command: ticket viewid'),(760,'Command: ticket viewname'),(761,'Command: titles'),(762,'Command: titles add'),(763,'Command: titles current'),(764,'Command: titles remove'),(765,'Command: titles set'),(766,'Command: titles set mask'),(767,'Command: wp'),(768,'Command: wp add'),(769,'Command: wp event'),(770,'Command: wp load'),(771,'Command: wp modify'),(772,'Command: wp unload'),(773,'Command: wp reload'),(774,'Command: wp show'),(900,'Command: .reload eluna'),(1000,'Command: npcbot'),(1001,'Command: npcbot add'),(1002,'Command: npcbot remove'),(1003,'Command: npcbot reset'),(1004,'Command: npcbot command'),(1005,'Command: npcbot distance'),(1006,'Command: npcbot info'),(1007,'Command: npcbot helper'),(1008,'Command: npcbot revive'),(1009,'Command: maintank (mt)'),(1010,'Command: chat'),(1011,'Command: rate'),(1012,'Command: rate xp'),(1013,'Command: rate loot'),(1014,'Command: flyall'),(1015,'Command: flyall on'),(1016,'Command: flyall off');

/*Table structure for table `realmcharacters` */

DROP TABLE IF EXISTS `realmcharacters`;

CREATE TABLE `realmcharacters` (
  `realmid` int(10) unsigned NOT NULL DEFAULT '0',
  `acctid` int(10) unsigned NOT NULL,
  `numchars` tinyint(3) unsigned NOT NULL DEFAULT '0',
  PRIMARY KEY (`realmid`,`acctid`),
  KEY `acctid` (`acctid`)
) ENGINE=InnoDB DEFAULT CHARSET=utf8 COMMENT='Realm Character Tracker';

/*Data for the table `realmcharacters` */

insert  into `realmcharacters`(`realmid`,`acctid`,`numchars`) values (1,1,7),(1,2,1),(1,3,10),(1,4,1),(1,5,5),(1,6,2),(1,7,3),(1,8,0),(1,9,2),(1,10,2),(1,11,0),(1,12,1),(1,13,0),(1,14,0),(1,15,1),(1,16,1),(1,17,1),(1,18,3),(1,19,2),(1,20,1),(1,21,0),(1,22,0),(1,23,3),(1,24,2),(1,25,3),(1,26,1),(1,27,4),(1,28,0),(1,29,1),(1,30,1),(1,31,0),(1,32,0),(1,33,3),(1,34,1),(1,35,0),(1,36,1),(1,37,0),(1,38,1),(1,39,0),(1,40,1),(1,41,0),(1,42,1),(1,43,1),(1,44,0),(1,45,0),(1,46,1),(1,47,1),(1,48,1),(1,49,0),(1,50,4),(1,51,0),(1,52,2),(1,53,1),(1,54,0),(1,55,0),(1,56,0),(1,57,0),(1,58,2),(1,59,2),(1,60,1),(1,61,0),(1,62,1),(1,63,0),(1,64,1),(1,65,0),(1,66,5),(1,67,0),(1,68,0),(1,69,1),(1,70,1),(1,71,0),(1,72,3),(1,73,2),(1,74,1),(1,75,1),(1,76,1),(1,77,0),(1,78,2),(1,79,1),(1,80,0),(1,81,2),(1,82,0),(1,83,1),(1,84,0),(1,85,0),(1,86,1),(1,87,4),(1,88,0),(1,89,0),(1,90,3),(1,91,2),(1,92,1),(1,93,0),(1,94,2),(1,95,1),(1,96,1),(1,97,2),(1,98,8),(1,99,1),(1,100,0),(1,101,0),(1,102,1),(1,103,5),(1,104,0),(1,105,1),(1,106,0),(1,107,1),(1,108,2),(1,109,0),(1,110,0),(1,111,0),(1,112,1),(1,113,0),(1,114,0),(1,115,1),(1,116,3),(1,117,2),(1,118,2),(1,119,0),(1,120,0),(1,121,0),(1,122,1),(1,123,0),(1,124,0),(1,125,2),(1,126,3),(1,127,0),(1,128,0),(1,129,1),(1,130,1),(1,131,1),(1,132,2),(1,133,1),(1,134,1),(1,135,0),(1,140,10),(1,143,0),(1,144,1),(1,145,1),(1,146,2),(1,147,2),(1,148,2),(1,149,1),(1,150,0),(1,151,1),(1,152,1),(1,153,1),(1,154,0),(1,155,0),(1,156,0),(1,157,0),(1,158,0),(1,159,0),(1,160,5),(1,161,1),(1,162,1),(1,163,1),(1,164,1),(1,165,0),(1,166,1),(1,167,1),(1,168,1),(1,169,1),(1,170,1),(1,171,3),(1,172,1),(1,173,1),(1,174,1),(1,175,1),(1,176,0),(1,177,1),(1,178,2),(1,179,1),(1,180,2),(1,181,1),(1,182,0),(1,183,1),(1,184,1),(1,185,0),(1,186,0),(1,187,1),(1,188,1),(1,189,0),(1,190,1),(1,191,0),(1,192,2),(1,193,1),(1,194,9),(1,195,1),(1,196,0),(1,197,1),(1,198,4),(1,199,1),(1,200,2),(1,201,4),(1,202,1),(1,203,1),(1,204,1),(1,205,2),(1,206,2),(1,210,2),(1,211,1),(1,213,1),(1,214,1),(1,216,3),(1,220,1),(1,221,1),(2,3,9),(2,16,1),(2,97,5),(2,140,10),(2,194,9),(2,202,0),(2,206,1),(2,211,1),(2,214,1),(2,218,1);

/*Table structure for table `realmlist` */

DROP TABLE IF EXISTS `realmlist`;

CREATE TABLE `realmlist` (
  `id` int(10) unsigned NOT NULL AUTO_INCREMENT,
  `name` varchar(32) NOT NULL DEFAULT '',
  `address` varchar(255) NOT NULL DEFAULT '127.0.0.1',
  `localAddress` varchar(255) NOT NULL DEFAULT '127.0.0.1',
  `localSubnetMask` varchar(255) NOT NULL DEFAULT '255.255.255.0',
  `port` smallint(5) unsigned NOT NULL DEFAULT '8085',
  `icon` tinyint(3) unsigned NOT NULL DEFAULT '0',
  `flag` tinyint(3) unsigned NOT NULL DEFAULT '2',
  `timezone` tinyint(3) unsigned NOT NULL DEFAULT '0',
  `allowedSecurityLevel` tinyint(3) unsigned NOT NULL DEFAULT '0',
  `population` float unsigned NOT NULL DEFAULT '0',
  `gamebuild` int(10) unsigned NOT NULL DEFAULT '12340',
  PRIMARY KEY (`id`),
  UNIQUE KEY `idx_name` (`name`)
) ENGINE=InnoDB AUTO_INCREMENT=3 DEFAULT CHARSET=utf8 COMMENT='Realm System';

/*Data for the table `realmlist` */

insert  into `realmlist`(`id`,`name`,`address`,`localAddress`,`localSubnetMask`,`port`,`icon`,`flag`,`timezone`,`allowedSecurityLevel`,`population`,`gamebuild`) values (1,'Soul Thief','5.9.76.18','127.0.0.1','255.255.255.0',8085,0,0,1,0,0,12340),(2,'Soul Thief: Development','5.9.76.18','127.0.0.1','255.255.255.0',8086,0,0,1,3,0,12340);

/*Table structure for table `uptime` */

DROP TABLE IF EXISTS `uptime`;

CREATE TABLE `uptime` (
  `realmid` int(10) unsigned NOT NULL,
  `starttime` int(10) unsigned NOT NULL DEFAULT '0',
  `uptime` int(10) unsigned NOT NULL DEFAULT '0',
  `maxplayers` smallint(5) unsigned NOT NULL DEFAULT '0',
  `revision` varchar(255) NOT NULL DEFAULT 'Trinitycore',
  PRIMARY KEY (`realmid`,`starttime`)
) ENGINE=InnoDB DEFAULT CHARSET=utf8 COMMENT='Uptime system';

/*Data for the table `uptime` */

insert  into `uptime`(`realmid`,`starttime`,`uptime`,`maxplayers`,`revision`) values (1,1377546449,5400,0,'TrinityCore rev. 96449e220fe6 2013-08-26 15:05:03 -0400 (master branch) (Win64, Release)'),(1,1377607290,603,0,'TrinityCore rev. 96449e220fe6 2013-08-26 15:05:03 -0400 (master branch) (Win64, Release)'),(1,1377610405,0,0,'TrinityCore rev. 96449e220fe6 2013-08-26 15:05:03 -0400 (master branch) (Win64, Release)'),(1,1377610759,1801,0,'TrinityCore rev. 96449e220fe6 2013-08-26 15:05:03 -0400 (master branch) (Win64, Release)'),(1,1377613034,0,0,'TrinityCore rev. 96449e220fe6 2013-08-26 15:05:03 -0400 (master branch) (Win64, Release)'),(1,1377613200,0,0,'TrinityCore rev. 96449e220fe6 2013-08-26 15:05:03 -0400 (master branch) (Win64, Release)'),(1,1377623162,0,0,'TrinityCore rev. 96449e220fe6+ 2013-08-26 15:05:03 -0400 (master branch) (Win32, Release)'),(1,1377623551,0,0,'TrinityCore rev. 96449e220fe6+ 2013-08-26 15:05:03 -0400 (master branch) (Win32, Release)'),(1,1377623722,0,0,'TrinityCore rev. 96449e220fe6+ 2013-08-26 15:05:03 -0400 (master branch) (Win32, Release)'),(1,1377623841,0,0,'TrinityCore rev. 96449e220fe6+ 2013-08-26 15:05:03 -0400 (master branch) (Win32, Release)'),(1,1377623914,0,0,'TrinityCore rev. 96449e220fe6+ 2013-08-26 15:05:03 -0400 (master branch) (Win32, Release)'),(1,1377624263,0,0,'TrinityCore rev. 96449e220fe6+ 2013-08-26 15:05:03 -0400 (master branch) (Win32, Release)'),(1,1377625113,0,0,'TrinityCore rev. 96449e220fe6+ 2013-08-26 15:05:03 -0400 (master branch) (Win32, Release)'),(1,1377625315,600,1,'TrinityCore rev. 96449e220fe6+ 2013-08-26 15:05:03 -0400 (master branch) (Win32, Release)'),(1,1377629411,600,1,'TrinityCore rev. 96449e220fe6+ 2013-08-26 15:05:03 -0400 (master branch) (Win32, Release)'),(1,1377630215,0,0,'TrinityCore rev. 96449e220fe6+ 2013-08-26 15:05:03 -0400 (master branch) (Win32, Release)'),(1,1377630373,0,0,'TrinityCore rev. 96449e220fe6+ 2013-08-26 15:05:03 -0400 (master branch) (Win32, Release)'),(1,1377631214,601,1,'TrinityCore rev. 96449e220fe6+ 2013-08-26 15:05:03 -0400 (master branch) (Win32, Release)'),(1,1377634274,0,0,'TrinityCore rev. 96449e220fe6+ 2013-08-26 15:05:03 -0400 (master branch) (Win32, Release)'),(1,1377664770,0,0,'TrinityCore rev. 96449e220fe6+ 2013-08-26 15:05:03 -0400 (master branch) (Win32, Release)'),(1,1377664934,3000,1,'TrinityCore rev. 96449e220fe6+ 2013-08-26 15:05:03 -0400 (master branch) (Win32, Release)'),(1,1377668067,600,1,'TrinityCore rev. 96449e220fe6+ 2013-08-26 15:05:03 -0400 (master branch) (Win32, Release)'),(1,1377671613,0,0,'TrinityCore rev. 96449e220fe6+ 2013-08-26 15:05:03 -0400 (master branch) (Win32, Release)'),(1,1377671679,1201,1,'TrinityCore rev. 96449e220fe6+ 2013-08-26 15:05:03 -0400 (master branch) (Win32, Release)'),(1,1377677067,600,1,'TrinityCore rev. 96449e220fe6+ 2013-08-26 15:05:03 -0400 (master branch) (Win32, Release)'),(1,1377677700,0,0,'TrinityCore rev. 96449e220fe6+ 2013-08-26 15:05:03 -0400 (master branch) (Win32, Release)'),(1,1377678372,1201,1,'TrinityCore rev. 96449e220fe6+ 2013-08-26 15:05:03 -0400 (master branch) (Win32, Release)'),(1,1377709839,604,0,'TrinityCore rev. 76417b7595ea 2013-08-28 12:41:51 -0400 (master branch) (Win32, Release)'),(1,1377710500,0,0,'TrinityCore rev. 76417b7595ea 2013-08-28 12:41:51 -0400 (master branch) (Win32, Release)'),(1,1377710682,601,1,'TrinityCore rev. 76417b7595ea 2013-08-28 12:41:51 -0400 (master branch) (Win32, Release)'),(1,1377714839,610,0,'TrinityCore rev. 76417b7595ea 2013-08-28 12:41:51 -0400 (master branch) (Win32, Release)'),(1,1377725172,0,0,'TrinityCore rev. b2395e449a51 2013-08-28 17:17:56 -0400 (master branch) (Win32, Release)'),(1,1377725811,1800,1,'TrinityCore rev. b2395e449a51 2013-08-28 17:17:56 -0400 (master branch) (Win32, Release)'),(1,1377787291,611,1,'TrinityCore rev. b2395e449a51 2013-08-28 17:17:56 -0400 (master branch) (Win32, Release)'),(1,1377788410,0,0,'TrinityCore rev. b2395e449a51 2013-08-28 17:17:56 -0400 (master branch) (Win32, Release)'),(1,1377788922,9600,1,'TrinityCore rev. b2395e449a51 2013-08-28 17:17:56 -0400 (master branch) (Win32, Release)'),(1,1377798699,0,0,'TrinityCore rev. b2395e449a51 2013-08-28 17:17:56 -0400 (master branch) (Win32, Release)'),(1,1377799181,0,0,'TrinityCore rev. b2395e449a51 2013-08-28 17:17:56 -0400 (master branch) (Win32, Release)'),(1,1377799420,0,0,'TrinityCore rev. b2395e449a51 2013-08-28 17:17:56 -0400 (master branch) (Win32, Release)'),(1,1377800602,0,0,'TrinityCore rev. b2395e449a51 2013-08-28 17:17:56 -0400 (master branch) (Win32, Release)'),(1,1377800727,0,0,'TrinityCore rev. b2395e449a51 2013-08-28 17:17:56 -0400 (master branch) (Win32, Release)'),(1,1377801409,0,0,'TrinityCore rev. b2395e449a51 2013-08-28 17:17:56 -0400 (master branch) (Win32, Release)'),(1,1377801553,600,1,'TrinityCore rev. b2395e449a51 2013-08-28 17:17:56 -0400 (master branch) (Win32, Release)'),(1,1377802562,601,1,'TrinityCore rev. b2395e449a51+ 2013-08-28 17:17:56 -0400 (master branch) (Win32, Release)'),(1,1377878742,0,0,'TrinityCore rev. unknown 1970-01-01 00:00:00 +0000 (Archived branch) (Win32, Release)'),(1,1377879829,0,0,'TrinityCore rev. unknown 1970-01-01 00:00:00 +0000 (Archived branch) (Win32, Release)'),(1,1377880224,0,0,'TrinityCore rev. unknown 1970-01-01 00:00:00 +0000 (Archived branch) (Win32, Release)'),(1,1377880395,600,1,'TrinityCore rev. unknown 1970-01-01 00:00:00 +0000 (Archived branch) (Win32, Release)'),(1,1377881605,0,0,'TrinityCore rev. unknown 1970-01-01 00:00:00 +0000 (Archived branch) (Win32, Release)'),(1,1377881942,600,1,'TrinityCore rev. unknown 1970-01-01 00:00:00 +0000 (Archived branch) (Win32, Release)'),(1,1377883194,0,0,'TrinityCore rev. unknown 1970-01-01 00:00:00 +0000 (Archived branch) (Win32, Release)'),(1,1377884946,0,0,'TrinityCore rev. unknown 1970-01-01 00:00:00 +0000 (Archived branch) (Win32, Release)'),(1,1377889221,1200,1,'TrinityCore rev. unknown 1970-01-01 00:00:00 +0000 (Archived branch) (Win64, Release)'),(1,1377896496,0,0,'TrinityCore rev. 98664b940c02 2013-08-30 16:51:36 -0400 (master branch) (Win32, Release)'),(1,1377897134,0,0,'TrinityCore rev. 98664b940c02 2013-08-30 16:51:36 -0400 (master branch) (Win32, Release)'),(1,1377902578,0,0,'TrinityCore rev. 67deb4ae608b 2013-08-30 18:27:55 -0400 (master branch) (Win32, Release)'),(1,1377903314,1200,0,'TrinityCore rev. 67deb4ae608b 2013-08-30 18:27:55 -0400 (master branch) (Win32, Release)'),(1,1377904758,0,0,'TrinityCore rev. 67deb4ae608b 2013-08-30 18:27:55 -0400 (master branch) (Win32, Release)'),(1,1377910670,4201,1,'TrinityCore rev. 42eb12251dd2 2013-08-30 19:32:47 -0400 (master branch) (Win32, Release)'),(1,1377948192,1201,0,'TrinityCore rev. 42eb12251dd2 2013-08-30 19:32:47 -0400 (master branch) (Win32, Release)'),(1,1377949644,0,0,'TrinityCore rev. 42eb12251dd2 2013-08-30 19:32:47 -0400 (master branch) (Win32, Release)'),(1,1377949803,0,0,'TrinityCore rev. 42eb12251dd2 2013-08-30 19:32:47 -0400 (master branch) (Win32, Release)'),(1,1377949945,3001,1,'TrinityCore rev. 42eb12251dd2 2013-08-30 19:32:47 -0400 (master branch) (Win32, Release)'),(1,1377953109,6600,1,'TrinityCore rev. 42eb12251dd2 2013-08-30 19:32:47 -0400 (master branch) (Win32, Release)'),(1,1377960295,601,1,'TrinityCore rev. 42eb12251dd2 2013-08-30 19:32:47 -0400 (master branch) (Win32, Release)'),(1,1377963483,0,0,'TrinityCore rev. 42eb12251dd2 2013-08-30 19:32:47 -0400 (master branch) (Win32, Release)'),(1,1377963996,601,1,'TrinityCore rev. 42eb12251dd2 2013-08-30 19:32:47 -0400 (master branch) (Win32, Release)'),(1,1377964899,0,0,'TrinityCore rev. 42eb12251dd2 2013-08-30 19:32:47 -0400 (master branch) (Win32, Release)'),(1,1377965121,0,0,'TrinityCore rev. 42eb12251dd2 2013-08-30 19:32:47 -0400 (master branch) (Win32, Release)'),(1,1377965285,1200,1,'TrinityCore rev. 42eb12251dd2 2013-08-30 19:32:47 -0400 (master branch) (Win32, Release)'),(1,1377967501,600,1,'TrinityCore rev. 42eb12251dd2+ 2013-08-30 19:32:47 -0400 (master branch) (Win32, Release)'),(1,1377968441,0,0,'TrinityCore rev. 42eb12251dd2+ 2013-08-30 19:32:47 -0400 (master branch) (Win32, Release)'),(1,1377974070,0,0,'TrinityCore rev. 42eb12251dd2+ 2013-08-30 19:32:47 -0400 (master branch) (Win32, Release)'),(1,1377974433,0,0,'TrinityCore rev. 42eb12251dd2+ 2013-08-30 19:32:47 -0400 (master branch) (Win32, Release)'),(1,1377974702,0,0,'TrinityCore rev. 42eb12251dd2+ 2013-08-30 19:32:47 -0400 (master branch) (Win32, Release)'),(1,1377974819,0,0,'TrinityCore rev. 42eb12251dd2+ 2013-08-30 19:32:47 -0400 (master branch) (Win32, Release)'),(1,1377976704,0,0,'TrinityCore rev. 42eb12251dd2+ 2013-08-30 19:32:47 -0400 (master branch) (Win32, Release)'),(1,1378015824,5400,1,'TrinityCore rev. 313a96d55d0c 2013-09-01 02:01:31 -0400 (master branch) (Win32, Release)'),(1,1378021870,3000,1,'TrinityCore rev. 313a96d55d0c+ 2013-09-01 02:01:31 -0400 (master branch) (Win32, Release)'),(1,1378025685,600,1,'TrinityCore rev. 313a96d55d0c+ 2013-09-01 02:01:31 -0400 (master branch) (Win32, Release)'),(1,1378026531,0,0,'TrinityCore rev. 313a96d55d0c+ 2013-09-01 02:01:31 -0400 (master branch) (Win32, Release)'),(1,1378027698,0,0,'TrinityCore rev. 313a96d55d0c+ 2013-09-01 02:01:31 -0400 (master branch) (Win32, Release)'),(1,1378049403,1800,1,'TrinityCore rev. 313a96d55d0c+ 2013-09-01 02:01:31 -0400 (master branch) (Win32, Release)'),(1,1378052110,1225,1,'TrinityCore rev. 313a96d55d0c+ 2013-09-01 02:01:31 -0400 (master branch) (Win32, Release)'),(1,1378053421,0,0,'TrinityCore rev. 313a96d55d0c+ 2013-09-01 02:01:31 -0400 (master branch) (Win32, Release)'),(1,1378053585,2400,1,'TrinityCore rev. 313a96d55d0c+ 2013-09-01 02:01:31 -0400 (master branch) (Win32, Release)'),(1,1378056267,0,0,'TrinityCore rev. 313a96d55d0c+ 2013-09-01 02:01:31 -0400 (master branch) (Win32, Release)'),(1,1378101644,601,1,'TrinityCore rev. 313a96d55d0c+ 2013-09-01 02:01:31 -0400 (master branch) (Win32, Release)'),(1,1378134579,0,0,'TrinityCore rev. 313a96d55d0c+ 2013-09-01 02:01:31 -0400 (master branch) (Win32, Release)'),(1,1378140158,2400,1,'TrinityCore rev. 59e26c262717+ 2013-09-02 04:26:51 -0400 (master branch) (Win32, Release)'),(1,1378144092,600,1,'TrinityCore rev. 59e26c262717+ 2013-09-02 04:26:51 -0400 (master branch) (Win32, Release)'),(1,1378145603,600,1,'TrinityCore rev. 59e26c262717+ 2013-09-02 04:26:51 -0400 (master branch) (Win32, Release)'),(1,1378146760,600,1,'TrinityCore rev. 59e26c262717+ 2013-09-02 04:26:51 -0400 (master branch) (Win32, Release)'),(1,1378148028,0,0,'TrinityCore rev. 59e26c262717+ 2013-09-02 04:26:51 -0400 (master branch) (Win32, Release)'),(1,1378150210,0,0,'TrinityCore rev. 59e26c262717+ 2013-09-02 04:26:51 -0400 (master branch) (Win32, Release)'),(1,1378150462,0,0,'TrinityCore rev. 59e26c262717+ 2013-09-02 04:26:51 -0400 (master branch) (Win32, Release)'),(1,1378154994,601,1,'TrinityCore rev. d9b121d4bb4b+ 2013-09-02 15:37:48 -0400 (master branch) (Win32, Release)'),(1,1378155738,600,1,'TrinityCore rev. d9b121d4bb4b+ 2013-09-02 15:37:48 -0400 (master branch) (Win32, Release)'),(1,1378156507,0,0,'TrinityCore rev. d9b121d4bb4b+ 2013-09-02 15:37:48 -0400 (master branch) (Win32, Release)'),(1,1378156783,0,0,'TrinityCore rev. d9b121d4bb4b+ 2013-09-02 15:37:48 -0400 (master branch) (Win32, Release)'),(1,1378156921,1801,1,'TrinityCore rev. d9b121d4bb4b+ 2013-09-02 15:37:48 -0400 (master branch) (Win32, Release)'),(1,1378161849,0,0,'TrinityCore rev. d9b121d4bb4b+ 2013-09-02 15:37:48 -0400 (master branch) (Win32, Release)'),(1,1378162342,0,0,'TrinityCore rev. d9b121d4bb4b+ 2013-09-02 15:37:48 -0400 (master branch) (Win32, Release)'),(1,1378236595,2421,1,'TrinityCore rev. bfd18f950282+ 2013-09-02 23:45:48 -0400 (master branch) (Win32, Release)'),(1,1378239615,1201,1,'TrinityCore rev. bfd18f950282+ 2013-09-02 23:45:48 -0400 (master branch) (Win32, Release)'),(1,1378242764,0,0,'TrinityCore rev. bfd18f950282+ 2013-09-02 23:45:48 -0400 (master branch) (Win32, Release)'),(1,1378244331,0,0,'TrinityCore rev. bfd18f950282+ 2013-09-02 23:45:48 -0400 (master branch) (Win32, Release)'),(1,1378245600,0,0,'TrinityCore rev. bfd18f950282+ 2013-09-02 23:45:48 -0400 (master branch) (Win32, Release)'),(1,1378246282,0,0,'TrinityCore rev. bfd18f950282+ 2013-09-02 23:45:48 -0400 (master branch) (Win32, Release)'),(1,1378247473,0,0,'TrinityCore rev. bfd18f950282+ 2013-09-02 23:45:48 -0400 (master branch) (Win32, Release)'),(1,1378250406,601,1,'TrinityCore rev. bfd18f950282+ 2013-09-02 23:45:48 -0400 (master branch) (Win32, Release)'),(1,1378251461,1200,1,'TrinityCore rev. bfd18f950282+ 2013-09-02 23:45:48 -0400 (master branch) (Win32, Release)'),(1,1378252742,0,0,'TrinityCore rev. bfd18f950282+ 2013-09-02 23:45:48 -0400 (master branch) (Win32, Release)'),(1,1378259326,0,0,'TrinityCore rev. bfd18f950282+ 2013-09-02 23:45:48 -0400 (master branch) (Win32, Release)'),(1,1378268071,601,1,'TrinityCore rev. bfd18f950282+ 2013-09-02 23:45:48 -0400 (master branch) (Win32, Release)'),(1,1378269085,0,0,'TrinityCore rev. bfd18f950282+ 2013-09-02 23:45:48 -0400 (master branch) (Win32, Release)'),(1,1378269275,601,1,'TrinityCore rev. bfd18f950282+ 2013-09-02 23:45:48 -0400 (master branch) (Win32, Release)'),(1,1378270685,1801,1,'TrinityCore rev. bfd18f950282+ 2013-09-02 23:45:48 -0400 (master branch) (Win32, Release)'),(1,1378273041,0,0,'TrinityCore rev. bfd18f950282+ 2013-09-02 23:45:48 -0400 (master branch) (Win32, Release)'),(1,1378311289,602,1,'TrinityCore rev. bfd18f950282+ 2013-09-02 23:45:48 -0400 (master branch) (Win32, Release)'),(1,1378313331,1201,1,'TrinityCore rev. c8fa8a53496c+ 2013-09-04 01:56:17 -0400 (master branch) (Win32, Release)'),(1,1378314837,2400,1,'TrinityCore rev. c8fa8a53496c+ 2013-09-04 01:56:17 -0400 (master branch) (Win32, Release)'),(1,1378318030,0,0,'TrinityCore rev. c8fa8a53496c+ 2013-09-04 01:56:17 -0400 (master branch) (Win32, Release)'),(1,1378318389,1800,1,'TrinityCore rev. c8fa8a53496c+ 2013-09-04 01:56:17 -0400 (master branch) (Win32, Release)'),(1,1378322065,0,0,'TrinityCore rev. c8fa8a53496c+ 2013-09-04 01:56:17 -0400 (master branch) (Win32, Release)'),(1,1378323038,600,1,'TrinityCore rev. c8fa8a53496c+ 2013-09-04 01:56:17 -0400 (master branch) (Win32, Release)'),(1,1378325653,0,0,'TrinityCore rev. c8fa8a53496c+ 2013-09-04 01:56:17 -0400 (master branch) (Win32, Release)'),(1,1378350637,0,0,'TrinityCore rev. c8fa8a53496c+ 2013-09-04 01:56:17 -0400 (master branch) (Win32, Release)'),(1,1378386885,0,0,'TrinityCore rev. 4b11a50db78c 2013-09-05 08:57:13 -0400 (master branch) (Win32, Release)'),(1,1378387173,0,0,'TrinityCore rev. 4b11a50db78c 2013-09-05 08:57:13 -0400 (master branch) (Win32, Release)'),(1,1378387258,2401,1,'TrinityCore rev. 4b11a50db78c 2013-09-05 08:57:13 -0400 (master branch) (Win32, Release)'),(1,1378389993,1200,1,'TrinityCore rev. 4b11a50db78c 2013-09-05 08:57:13 -0400 (master branch) (Win32, Release)'),(1,1378391255,1200,1,'TrinityCore rev. 4b11a50db78c 2013-09-05 08:57:13 -0400 (master branch) (Win32, Release)'),(1,1378392653,601,1,'TrinityCore rev. 4b11a50db78c 2013-09-05 08:57:13 -0400 (master branch) (Win32, Release)'),(1,1378393404,601,1,'TrinityCore rev. 4b11a50db78c 2013-09-05 08:57:13 -0400 (master branch) (Win32, Release)'),(1,1378394192,1800,1,'TrinityCore rev. 4b11a50db78c 2013-09-05 08:57:13 -0400 (master branch) (Win32, Release)'),(1,1378403672,1205,1,'TrinityCore rev. b40c859df177 2013-09-05 13:36:17 -0400 (master branch) (Win32, Release)'),(1,1378405156,0,0,'TrinityCore rev. b40c859df177 2013-09-05 13:36:17 -0400 (master branch) (Win32, Release)'),(1,1378405218,601,1,'TrinityCore rev. b40c859df177 2013-09-05 13:36:17 -0400 (master branch) (Win32, Release)'),(1,1378406283,1201,1,'TrinityCore rev. b40c859df177 2013-09-05 13:36:17 -0400 (master branch) (Win32, Release)'),(1,1378407994,3600,1,'TrinityCore rev. b40c859df177 2013-09-05 13:36:17 -0400 (master branch) (Win32, Release)'),(1,1378412052,601,1,'TrinityCore rev. b40c859df177+ 2013-09-05 13:36:17 -0400 (master branch) (Win32, Release)'),(1,1378412993,600,1,'TrinityCore rev. b40c859df177+ 2013-09-05 13:36:17 -0400 (master branch) (Win32, Release)'),(1,1378414082,1201,1,'TrinityCore rev. b40c859df177+ 2013-09-05 13:36:17 -0400 (master branch) (Win32, Release)'),(1,1378424517,601,1,'TrinityCore rev. b40c859df177+ 2013-09-05 13:36:17 -0400 (master branch) (Win32, Release)'),(1,1378425785,0,0,'TrinityCore rev. b40c859df177+ 2013-09-05 13:36:17 -0400 (master branch) (Win32, Release)'),(1,1378426041,600,1,'TrinityCore rev. b40c859df177+ 2013-09-05 13:36:17 -0400 (master branch) (Win32, Release)'),(1,1378426705,0,0,'TrinityCore rev. b40c859df177+ 2013-09-05 13:36:17 -0400 (master branch) (Win32, Release)'),(1,1378505698,601,1,'TrinityCore rev. b40c859df177+ 2013-09-05 13:36:17 -0400 (master branch) (Win32, Release)'),(1,1378506964,0,0,'TrinityCore rev. b40c859df177+ 2013-09-05 13:36:17 -0400 (master branch) (Win32, Release)'),(1,1378515573,1200,1,'TrinityCore rev. 127874ff85ca+ 2013-09-06 17:23:52 -0400 (master branch) (Win32, Release)'),(1,1378517568,1200,1,'TrinityCore rev. f4d8a394d7af 2013-09-06 21:26:33 -0400 (master branch) (Win32, Release)'),(1,1378519045,1200,1,'TrinityCore rev. f4d8a394d7af+ 2013-09-06 21:26:33 -0400 (master branch) (Win32, Release)'),(1,1378523286,0,0,'TrinityCore rev. f4d8a394d7af+ 2013-09-06 21:26:33 -0400 (master branch) (Win32, Release)'),(1,1378523516,601,1,'TrinityCore rev. f4d8a394d7af+ 2013-09-06 21:26:33 -0400 (master branch) (Win32, Release)'),(1,1378524208,600,1,'TrinityCore rev. f4d8a394d7af+ 2013-09-06 21:26:33 -0400 (master branch) (Win32, Release)'),(1,1378524899,0,0,'TrinityCore rev. f4d8a394d7af+ 2013-09-06 21:26:33 -0400 (master branch) (Win32, Release)'),(1,1378525457,0,0,'TrinityCore rev. f4d8a394d7af+ 2013-09-06 21:26:33 -0400 (master branch) (Win32, Release)'),(1,1378526155,3601,1,'TrinityCore rev. f4d8a394d7af+ 2013-09-06 21:26:33 -0400 (master branch) (Win32, Release)'),(1,1378530286,600,1,'TrinityCore rev. f4d8a394d7af+ 2013-09-06 21:26:33 -0400 (master branch) (Win32, Release)'),(1,1378531238,0,0,'TrinityCore rev. f4d8a394d7af+ 2013-09-06 21:26:33 -0400 (master branch) (Win32, Release)'),(1,1378565173,1200,0,'TrinityCore rev. 2a70a97a9b02 2013-09-07 10:32:57 -0400 (master branch) (Win32, Release)'),(1,1378566682,1800,1,'TrinityCore rev. 2a70a97a9b02 2013-09-07 10:32:57 -0400 (master branch) (Win32, Release)'),(1,1378594983,0,0,'TrinityCore rev. 8726b8165187 2013-09-07 18:29:07 -0400 (master branch) (Win32, Release)'),(1,1378650905,3601,1,'TrinityCore rev. 8726b8165187 2013-09-07 18:29:07 -0400 (master branch) (Win32, Release)'),(1,1378702693,0,0,'TrinityCore rev. 8726b8165187 2013-09-07 18:29:07 -0400 (master branch) (Win32, Release)'),(1,1378745427,606,1,'TrinityCore rev. b31fc7a42e0b+ 2013-09-09 12:09:46 -0400 (master branch) (Win32, Release)'),(1,1378746268,0,0,'TrinityCore rev. b31fc7a42e0b+ 2013-09-09 12:09:46 -0400 (master branch) (Win32, Release)'),(1,1378746703,0,0,'TrinityCore rev. b31fc7a42e0b+ 2013-09-09 12:09:46 -0400 (master branch) (Win32, Release)'),(1,1378747162,0,0,'TrinityCore rev. b31fc7a42e0b+ 2013-09-09 12:09:46 -0400 (master branch) (Win32, Release)'),(1,1378747349,1800,1,'TrinityCore rev. b31fc7a42e0b+ 2013-09-09 12:09:46 -0400 (master branch) (Win32, Release)'),(1,1378750659,0,0,'TrinityCore rev. b31fc7a42e0b+ 2013-09-09 12:09:46 -0400 (master branch) (Win32, Release)'),(1,1378751686,0,0,'TrinityCore rev. b31fc7a42e0b+ 2013-09-09 12:09:46 -0400 (master branch) (Win32, Release)'),(1,1378751958,600,1,'TrinityCore rev. b31fc7a42e0b+ 2013-09-09 12:09:46 -0400 (master branch) (Win32, Release)'),(1,1378754930,1800,1,'TrinityCore rev. b31fc7a42e0b+ 2013-09-09 12:09:46 -0400 (master branch) (Win32, Release)'),(1,1378760172,2400,1,'TrinityCore rev. b31fc7a42e0b+ 2013-09-09 12:09:46 -0400 (master branch) (Win32, Release)'),(1,1378763046,4801,1,'TrinityCore rev. b31fc7a42e0b+ 2013-09-09 12:09:46 -0400 (master branch) (Win32, Release)'),(1,1378781687,1800,1,'TrinityCore rev. b31fc7a42e0b+ 2013-09-09 12:09:46 -0400 (master branch) (Win32, Release)'),(1,1378839382,0,0,'TrinityCore rev. f837c60c1d61+ 2013-09-10 14:28:02 -0400 (master branch) (Win32, Release)'),(1,1378839438,0,0,'TrinityCore rev. f837c60c1d61+ 2013-09-10 14:28:02 -0400 (master branch) (Win32, Release)'),(1,1378840226,0,0,'TrinityCore rev. f837c60c1d61+ 2013-09-10 14:28:02 -0400 (master branch) (Win32, Release)'),(1,1378841283,0,0,'TrinityCore rev. f837c60c1d61+ 2013-09-10 14:28:02 -0400 (master branch) (Win32, Release)'),(1,1378841762,0,0,'TrinityCore rev. f837c60c1d61+ 2013-09-10 14:28:02 -0400 (master branch) (Win32, Release)'),(1,1378852141,0,0,'TrinityCore rev. f837c60c1d61+ 2013-09-10 14:28:02 -0400 (master branch) (Win32, Release)'),(1,1379172452,0,0,'TrinityCore rev. 054dc467c1d0+ 2013-09-14 11:08:03 -0400 (master branch) (Win32, Release)'),(1,1379172809,0,0,'TrinityCore rev. 054dc467c1d0+ 2013-09-14 11:08:03 -0400 (master branch) (Win32, Release)'),(1,1379172990,3601,1,'TrinityCore rev. 054dc467c1d0+ 2013-09-14 11:08:03 -0400 (master branch) (Win32, Release)'),(1,1379176621,0,0,'TrinityCore rev. 054dc467c1d0+ 2013-09-14 11:08:03 -0400 (master branch) (Win32, Release)'),(1,1379176662,0,0,'TrinityCore rev. 054dc467c1d0+ 2013-09-14 11:08:03 -0400 (master branch) (Win32, Release)'),(1,1379176811,0,0,'TrinityCore rev. 054dc467c1d0+ 2013-09-14 11:08:03 -0400 (master branch) (Win32, Release)'),(1,1379176894,0,0,'TrinityCore rev. 054dc467c1d0+ 2013-09-14 11:08:03 -0400 (master branch) (Win32, Release)'),(1,1379177002,0,0,'TrinityCore rev. 054dc467c1d0+ 2013-09-14 11:08:03 -0400 (master branch) (Win32, Release)'),(1,1379181915,0,0,'TrinityCore rev. 9c7de29e9340+ 2013-09-14 14:20:41 +0200 (master branch) (Win32, Release)'),(1,1379182061,0,0,'TrinityCore rev. 9c7de29e9340+ 2013-09-14 14:20:41 +0200 (master branch) (Win32, Release)'),(1,1379182320,0,0,'TrinityCore rev. 9c7de29e9340+ 2013-09-14 14:20:41 +0200 (master branch) (Win32, Release)'),(1,1379182455,0,0,'TrinityCore rev. 9c7de29e9340+ 2013-09-14 14:20:41 +0200 (master branch) (Win32, Release)'),(1,1379182755,0,0,'TrinityCore rev. 9c7de29e9340+ 2013-09-14 14:20:41 +0200 (master branch) (Win32, Release)'),(1,1379182897,0,0,'TrinityCore rev. 9c7de29e9340+ 2013-09-14 14:20:41 +0200 (master branch) (Win32, Release)'),(1,1379183057,0,0,'TrinityCore rev. 9c7de29e9340+ 2013-09-14 14:20:41 +0200 (master branch) (Win32, Release)'),(1,1379183419,0,0,'TrinityCore rev. 9c7de29e9340+ 2013-09-14 14:20:41 +0200 (master branch) (Win32, Release)'),(1,1379183697,0,0,'TrinityCore rev. 9c7de29e9340+ 2013-09-14 14:20:41 +0200 (master branch) (Win32, Release)'),(1,1379183874,0,0,'TrinityCore rev. 9c7de29e9340+ 2013-09-14 14:20:41 +0200 (master branch) (Win32, Release)'),(1,1379184302,0,0,'TrinityCore rev. 9c7de29e9340+ 2013-09-14 14:20:41 +0200 (master branch) (Win32, Release)'),(1,1379184380,0,0,'TrinityCore rev. 9c7de29e9340+ 2013-09-14 14:20:41 +0200 (master branch) (Win32, Release)'),(1,1379185323,0,0,'TrinityCore rev. 9c7de29e9340+ 2013-09-14 14:20:41 +0200 (master branch) (Win32, Release)'),(1,1379185404,0,0,'TrinityCore rev. 9c7de29e9340+ 2013-09-14 14:20:41 +0200 (master branch) (Win32, Release)'),(1,1379185509,0,0,'TrinityCore rev. 9c7de29e9340+ 2013-09-14 14:20:41 +0200 (master branch) (Win32, Release)'),(1,1379185661,0,0,'TrinityCore rev. 9c7de29e9340+ 2013-09-14 14:20:41 +0200 (master branch) (Win32, Release)'),(1,1379292063,0,0,'TrinityCore rev. 9c7de29e9340+ 2013-09-14 14:20:41 +0200 (master branch) (Win32, Release)'),(1,1379292255,0,0,'TrinityCore rev. 9c7de29e9340+ 2013-09-14 14:20:41 +0200 (master branch) (Win32, Release)'),(1,1379305574,0,0,'TrinityCore rev. 258e3176835d+ 2013-09-14 15:55:32 -0400 (master branch) (Win32, Release)'),(1,1379312588,0,0,'TrinityCore rev. 6973dd815500+ 2013-09-16 02:10:27 -0400 (master branch) (Win32, Release)'),(1,1379312823,0,0,'TrinityCore rev. 6973dd815500+ 2013-09-16 02:10:27 -0400 (master branch) (Win32, Release)'),(1,1379313559,0,0,'TrinityCore rev. 721e31212afc+ 2013-09-16 02:21:39 -0400 (master branch) (Win32, Release)'),(1,1379314104,0,0,'TrinityCore rev. 557daa963fcc 2013-09-16 02:40:47 -0400 (master branch) (Win32, Debug)'),(1,1379315180,0,0,'TrinityCore rev. 557daa963fcc+ 2013-09-16 02:40:47 -0400 (master branch) (Win32, Debug)'),(1,1379344944,0,0,'TrinityCore rev. 80eee9641cde+ 2013-09-16 10:56:12 -0400 (master branch) (Win32, Debug)'),(1,1379353184,0,0,'TrinityCore rev. bd7990dd4130+ 2013-09-16 12:41:53 -0400 (master branch) (Win32, Debug)'),(1,1379360713,0,0,'TrinityCore rev. f3cf6c766984+ 2013-09-16 15:34:32 -0400 (master branch) (Win32, Release)'),(1,1379360878,0,0,'TrinityCore rev. f3cf6c766984+ 2013-09-16 15:34:32 -0400 (master branch) (Win32, Release)'),(1,1379361143,0,0,'TrinityCore rev. f3cf6c766984+ 2013-09-16 15:34:32 -0400 (master branch) (Win32, Release)'),(1,1379363918,0,0,'TrinityCore rev. f3cf6c766984+ 2013-09-16 15:34:32 -0400 (master branch) (Win32, Release)'),(1,1379364673,3600,1,'TrinityCore rev. f3cf6c766984+ 2013-09-16 15:34:32 -0400 (master branch) (Win32, Release)'),(1,1379369832,0,0,'TrinityCore rev. 34d265d0bec7+ 2013-09-16 16:49:39 -0400 (master branch) (Win32, Release)'),(1,1379370023,0,0,'TrinityCore rev. 34d265d0bec7+ 2013-09-16 16:49:39 -0400 (master branch) (Win32, Release)'),(1,1379388069,1200,1,'TrinityCore rev. 34d265d0bec7+ 2013-09-16 16:49:39 -0400 (master branch) (Win32, Release)'),(1,1379434637,0,0,'TrinityCore rev. 34d265d0bec7+ 2013-09-16 16:49:39 -0400 (master branch) (Win32, Release)'),(1,1379450360,0,0,'TrinityCore rev. 34d265d0bec7+ 2013-09-16 16:49:39 -0400 (master branch) (Win32, Release)'),(1,1379452912,0,0,'TrinityCore rev. 34d265d0bec7+ 2013-09-16 16:49:39 -0400 (master branch) (Win32, Release)'),(1,1379453130,1201,1,'TrinityCore rev. 34d265d0bec7+ 2013-09-16 16:49:39 -0400 (master branch) (Win32, Release)'),(1,1379456711,601,1,'TrinityCore rev. 34d265d0bec7+ 2013-09-16 16:49:39 -0400 (master branch) (Win32, Release)'),(1,1379457659,9600,1,'TrinityCore rev. 4b3ff860530f+ 2013-09-17 14:43:25 -0400 (master branch) (Win32, Release)'),(1,1379488799,9600,1,'TrinityCore rev. 4b3ff860530f+ 2013-09-17 14:43:25 -0400 (master branch) (Win32, Release)'),(1,1379499016,0,0,'TrinityCore rev. 4b3ff860530f+ 2013-09-17 14:43:25 -0400 (master branch) (Win32, Release)'),(1,1379499551,27600,1,'TrinityCore rev. 4b3ff860530f+ 2013-09-17 14:43:25 -0400 (master branch) (Win32, Release)'),(1,1379527452,0,0,'TrinityCore rev. 4b3ff860530f+ 2013-09-17 14:43:25 -0400 (master branch) (Win32, Release)'),(1,1379528399,0,0,'TrinityCore rev. 4b3ff860530f+ 2013-09-17 14:43:25 -0400 (master branch) (Win32, Debug)'),(1,1379529175,0,0,'TrinityCore rev. 4b3ff860530f+ 2013-09-17 14:43:25 -0400 (master branch) (Win32, Debug)'),(1,1379530413,601,1,'TrinityCore rev. 4b3ff860530f+ 2013-09-17 14:43:25 -0400 (master branch) (Win32, Debug)'),(1,1379534498,0,0,'TrinityCore rev. 4b3ff860530f+ 2013-09-17 14:43:25 -0400 (master branch) (Win32, Release)'),(1,1379535868,0,0,'TrinityCore rev. 4b3ff860530f+ 2013-09-17 14:43:25 -0400 (master branch) (Win32, Release)'),(1,1379536448,2400,1,'TrinityCore rev. 4b3ff860530f+ 2013-09-17 14:43:25 -0400 (master branch) (Win32, Release)'),(1,1379539619,0,0,'TrinityCore rev. 4b3ff860530f+ 2013-09-17 14:43:25 -0400 (master branch) (Win32, Release)'),(1,1379541000,1200,1,'TrinityCore rev. 4b3ff860530f+ 2013-09-17 14:43:25 -0400 (master branch) (Win32, Release)'),(1,1379562001,0,0,'TrinityCore rev. 4b3ff860530f+ 2013-09-17 14:43:25 -0400 (master branch) (Win32, Release)'),(1,1379564939,1200,1,'TrinityCore rev. 4b3ff860530f+ 2013-09-17 14:43:25 -0400 (master branch) (Win32, Release)'),(1,1379566752,0,0,'TrinityCore rev. 4b3ff860530f+ 2013-09-17 14:43:25 -0400 (master branch) (Win32, Release)'),(1,1379567348,0,0,'TrinityCore rev. 4b3ff860530f+ 2013-09-17 14:43:25 -0400 (master branch) (Win32, Release)'),(1,1379570528,601,1,'TrinityCore rev. 4b3ff860530f+ 2013-09-17 14:43:25 -0400 (master branch) (Win64, Debug)'),(1,1379572456,2400,1,'TrinityCore rev. 4b3ff860530f+ 2013-09-17 14:43:25 -0400 (master branch) (Win32, Release)'),(1,1379575336,601,1,'TrinityCore rev. 4b3ff860530f+ 2013-09-17 14:43:25 -0400 (master branch) (Win32, Release)'),(1,1379576592,2401,1,'TrinityCore rev. 4b3ff860530f+ 2013-09-17 14:43:25 -0400 (master branch) (Win32, Release)'),(1,1379579100,1801,1,'TrinityCore rev. 4b3ff860530f+ 2013-09-17 14:43:25 -0400 (master branch) (Win32, Release)'),(1,1379581031,600,1,'TrinityCore rev. 4b3ff860530f+ 2013-09-17 14:43:25 -0400 (master branch) (Win32, Release)'),(1,1379582006,0,0,'TrinityCore rev. 4b3ff860530f+ 2013-09-17 14:43:25 -0400 (master branch) (Win32, Release)'),(1,1379582138,600,1,'TrinityCore rev. 4b3ff860530f+ 2013-09-17 14:43:25 -0400 (master branch) (Win32, Release)'),(1,1379583149,1801,1,'TrinityCore rev. 4b3ff860530f+ 2013-09-17 14:43:25 -0400 (master branch) (Win32, Release)'),(1,1379606213,601,1,'TrinityCore rev. 4b3ff860530f+ 2013-09-17 14:43:25 -0400 (master branch) (Win32, Release)'),(1,1379607957,601,1,'TrinityCore rev. 4b3ff860530f+ 2013-09-17 14:43:25 -0400 (master branch) (Win32, Release)'),(1,1379618564,0,0,'TrinityCore rev. 4b3ff860530f+ 2013-09-17 14:43:25 -0400 (master branch) (Win32, Release)'),(1,1379619194,0,0,'TrinityCore rev. 4b3ff860530f+ 2013-09-17 14:43:25 -0400 (master branch) (Win32, Release)'),(1,1379619768,0,0,'TrinityCore rev. 4b3ff860530f+ 2013-09-17 14:43:25 -0400 (master branch) (Win32, Release)'),(1,1379620311,600,1,'TrinityCore rev. 4b3ff860530f+ 2013-09-17 14:43:25 -0400 (master branch) (Win32, Release)'),(1,1379620994,0,0,'TrinityCore rev. 4b3ff860530f+ 2013-09-17 14:43:25 -0400 (master branch) (Win32, Release)'),(1,1379621801,600,1,'TrinityCore rev. 4b3ff860530f+ 2013-09-17 14:43:25 -0400 (master branch) (Win32, Release)'),(1,1379622631,0,0,'TrinityCore rev. 4b3ff860530f+ 2013-09-17 14:43:25 -0400 (master branch) (Win32, Release)'),(1,1379623904,600,1,'TrinityCore rev. 4b3ff860530f+ 2013-09-17 14:43:25 -0400 (master branch) (Win32, Release)'),(1,1379625470,1801,1,'TrinityCore rev. 4b3ff860530f+ 2013-09-17 14:43:25 -0400 (master branch) (Win32, Release)'),(1,1379627889,16800,1,'TrinityCore rev. 4b3ff860530f+ 2013-09-17 14:43:25 -0400 (master branch) (Win32, Release)'),(1,1379645850,0,0,'TrinityCore rev. 4b3ff860530f+ 2013-09-17 14:43:25 -0400 (master branch) (Win32, Release)'),(1,1379646169,1800,1,'TrinityCore rev. 4b3ff860530f+ 2013-09-17 14:43:25 -0400 (master branch) (Win32, Release)'),(1,1379650037,0,0,'TrinityCore rev. a8a2f44d1800 2013-09-19 23:46:35 -0400 (master branch) (Win32, Release)'),(1,1379684409,601,1,'TrinityCore rev. d74d06679494+ 2013-09-20 00:12:38 -0400 (master branch) (Win32, Release)'),(1,1379687060,9600,1,'TrinityCore rev. d74d06679494+ 2013-09-20 00:12:38 -0400 (master branch) (Win32, Release)'),(1,1379699579,1200,1,'TrinityCore rev. bb7b3fe353bd+ 2013-09-20 09:52:21 -0400 (master branch) (Win32, Release)'),(1,1379725718,0,0,'TrinityCore rev. bb7b3fe353bd+ 2013-09-20 09:52:21 -0400 (master branch) (Win32, Release)'),(1,1379733187,2401,1,'TrinityCore rev. bb7b3fe353bd+ 2013-09-20 09:52:21 -0400 (master branch) (Win32, Release)'),(1,1379788247,0,0,'TrinityCore rev. bb7b3fe353bd+ 2013-09-20 09:52:21 -0400 (master branch) (Win32, Release)'),(1,1379788757,0,0,'TrinityCore rev. bb7b3fe353bd+ 2013-09-20 09:52:21 -0400 (master branch) (Win32, Release)'),(1,1379788866,0,0,'TrinityCore rev. bb7b3fe353bd+ 2013-09-20 09:52:21 -0400 (master branch) (Win32, Release)'),(1,1380030050,0,0,'TrinityCore rev. 315e6e4303d5+ 2013-09-24 09:20:01 -0400 (master branch) (Win32, Release)'),(1,1380080967,611,0,'TrinityCore rev. 315e6e4303d5+ 2013-09-24 09:20:01 -0400 (master branch) (Win32, Release)'),(1,1380126764,607,0,'TrinityCore rev. 8c9895305b61+ 2013-09-24 09:50:01 -0400 (master branch) (Win32, Release)'),(1,1380127857,0,0,'TrinityCore rev. 8c9895305b61+ 2013-09-24 09:50:01 -0400 (master branch) (Win32, Release)'),(1,1380128010,0,0,'TrinityCore rev. 8c9895305b61+ 2013-09-24 09:50:01 -0400 (master branch) (Win32, Release)'),(1,1380128434,0,0,'TrinityCore rev. 8c9895305b61+ 2013-09-24 09:50:01 -0400 (master branch) (Win32, Release)'),(1,1380128772,0,0,'TrinityCore rev. 8c9895305b61+ 2013-09-24 09:50:01 -0400 (master branch) (Win32, Release)'),(1,1380131628,0,0,'TrinityCore rev. 8c9895305b61+ 2013-09-24 09:50:01 -0400 (master branch) (Win32, Release)'),(1,1380133172,600,1,'TrinityCore rev. 8c9895305b61+ 2013-09-24 09:50:01 -0400 (master branch) (Win32, Release)'),(1,1380134563,601,1,'TrinityCore rev. 8c9895305b61+ 2013-09-24 09:50:01 -0400 (master branch) (Win32, Release)'),(1,1380136211,0,0,'TrinityCore rev. 8c9895305b61+ 2013-09-24 09:50:01 -0400 (master branch) (Win32, Release)'),(1,1380137100,4201,1,'TrinityCore rev. 8c9895305b61+ 2013-09-24 09:50:01 -0400 (master branch) (Win32, Release)'),(1,1380141519,2400,1,'TrinityCore rev. 8c9895305b61+ 2013-09-24 09:50:01 -0400 (master branch) (Win32, Release)'),(1,1380144059,0,0,'TrinityCore rev. 8c9895305b61+ 2013-09-24 09:50:01 -0400 (master branch) (Win32, Release)'),(1,1380144190,0,0,'TrinityCore rev. 8c9895305b61+ 2013-09-24 09:50:01 -0400 (master branch) (Win32, Release)'),(1,1380144536,0,0,'TrinityCore rev. 8c9895305b61+ 2013-09-24 09:50:01 -0400 (master branch) (Win32, Release)'),(1,1380144601,0,0,'TrinityCore rev. 8c9895305b61+ 2013-09-24 09:50:01 -0400 (master branch) (Win32, Release)'),(1,1380144817,3001,0,'TrinityCore rev. 8c9895305b61+ 2013-09-24 09:50:01 -0400 (master branch) (Win32, Release)'),(1,1380164111,0,0,'TrinityCore rev. 8c9895305b61+ 2013-09-24 09:50:01 -0400 (master branch) (Win32, Release)'),(1,1380164523,1200,1,'TrinityCore rev. 8c9895305b61+ 2013-09-24 09:50:01 -0400 (master branch) (Win32, Release)'),(1,1380227219,605,1,'TrinityCore rev. 8c9895305b61+ 2013-09-24 09:50:01 -0400 (master branch) (Win32, Release)'),(1,1380296728,0,0,'TrinityCore rev. ee6215047bc6+ 2013-09-27 08:24:57 -0400 (master branch) (Win32, Release)'),(1,1380299543,1200,0,'TrinityCore rev. ee6215047bc6+ 2013-09-27 08:24:57 -0400 (master branch) (Win32, Release)'),(1,1380301255,0,0,'TrinityCore rev. ee6215047bc6+ 2013-09-27 08:24:57 -0400 (master branch) (Win32, Release)'),(1,1380302699,1201,1,'TrinityCore rev. 3fa5f2d8dd3a+ 2013-09-27 12:55:21 -0400 (master branch) (Win32, Release)'),(1,1380321774,0,0,'TrinityCore rev. 58cd90fb3800+ 2013-09-27 18:28:16 -0400 (master branch) (Win32, Release)'),(1,1380321829,0,0,'TrinityCore rev. 58cd90fb3800+ 2013-09-27 18:28:16 -0400 (master branch) (Win32, Release)'),(1,1380322566,601,2,'TrinityCore rev. a727a6b4728a 2013-09-27 18:48:16 -0400 (master branch) (Win32, Release)'),(1,1380493339,0,0,'TrinityCore rev. a727a6b4728a 2013-09-27 18:48:16 -0400 (master branch) (Win32, Release)'),(1,1380514068,4201,2,'TrinityCore rev. a727a6b4728a 2013-09-27 18:48:16 -0400 (master branch) (Win32, Release)'),(1,1380521301,1801,2,'TrinityCore rev. a727a6b4728a 2013-09-27 18:48:16 -0400 (master branch) (Win32, Release)'),(1,1380548368,31801,2,'TrinityCore rev. a727a6b4728a 2013-09-27 18:48:16 -0400 (master branch) (Win32, Release)'),(1,1380602144,602,2,'TrinityCore rev. a727a6b4728a 2013-09-27 18:48:16 -0400 (master branch) (Win32, Release)'),(1,1380633858,1801,1,'TrinityCore rev. a727a6b4728a 2013-09-27 18:48:16 -0400 (master branch) (Win32, Release)'),(1,1380643943,0,0,'TrinityCore rev. a727a6b4728a 2013-09-27 18:48:16 -0400 (master branch) (Win32, Release)'),(1,1380644274,25201,1,'TrinityCore rev. a727a6b4728a 2013-09-27 18:48:16 -0400 (master branch) (Win32, Release)'),(1,1380669749,601,2,'TrinityCore rev. a727a6b4728a 2013-09-27 18:48:16 -0400 (master branch) (Win32, Release)'),(1,1380686991,0,0,'TrinityCore rev. a727a6b4728a 2013-09-27 18:48:16 -0400 (master branch) (Win32, Release)'),(1,1380687821,30001,1,'TrinityCore rev. a727a6b4728a 2013-09-27 18:48:16 -0400 (master branch) (Win32, Release)'),(1,1380718155,1801,1,'TrinityCore rev. a727a6b4728a 2013-09-27 18:48:16 -0400 (master branch) (Win32, Release)'),(1,1380720157,0,0,'TrinityCore rev. a727a6b4728a 2013-09-27 18:48:16 -0400 (master branch) (Win32, Release)'),(1,1380720688,0,0,'TrinityCore rev. a727a6b4728a 2013-09-27 18:48:16 -0400 (master branch) (Win32, Release)'),(1,1380720995,1202,2,'TrinityCore rev. a727a6b4728a 2013-09-27 18:48:16 -0400 (master branch) (Win32, Release)'),(1,1380722357,601,2,'TrinityCore rev. a727a6b4728a 2013-09-27 18:48:16 -0400 (master branch) (Win32, Release)'),(1,1380723176,2401,2,'TrinityCore rev. a727a6b4728a 2013-09-27 18:48:16 -0400 (master branch) (Win32, Release)'),(1,1380727464,1202,1,'TrinityCore rev. a727a6b4728a 2013-09-27 18:48:16 -0400 (master branch) (Win32, Release)'),(1,1380728715,0,0,'TrinityCore rev. a727a6b4728a 2013-09-27 18:48:16 -0400 (master branch) (Win32, Release)'),(1,1380728989,601,1,'TrinityCore rev. a727a6b4728a 2013-09-27 18:48:16 -0400 (master branch) (Win32, Release)'),(1,1380729801,0,0,'TrinityCore rev. a727a6b4728a 2013-09-27 18:48:16 -0400 (master branch) (Win32, Release)'),(1,1380730230,0,0,'TrinityCore rev. a727a6b4728a 2013-09-27 18:48:16 -0400 (master branch) (Win32, Release)'),(1,1380730483,0,0,'TrinityCore rev. a727a6b4728a 2013-09-27 18:48:16 -0400 (master branch) (Win32, Release)'),(1,1380730718,0,0,'TrinityCore rev. a727a6b4728a 2013-09-27 18:48:16 -0400 (master branch) (Win32, Release)'),(1,1380731026,601,1,'TrinityCore rev. a727a6b4728a 2013-09-27 18:48:16 -0400 (master branch) (Win32, Release)'),(1,1380731675,601,1,'TrinityCore rev. a727a6b4728a 2013-09-27 18:48:16 -0400 (master branch) (Win32, Release)'),(1,1380732354,1201,1,'TrinityCore rev. a727a6b4728a 2013-09-27 18:48:16 -0400 (master branch) (Win32, Release)'),(1,1380734724,0,0,'TrinityCore rev. a727a6b4728a 2013-09-27 18:48:16 -0400 (master branch) (Win32, Release)'),(1,1380735049,602,1,'TrinityCore rev. a727a6b4728a 2013-09-27 18:48:16 -0400 (master branch) (Win32, Release)'),(1,1380735894,1202,1,'TrinityCore rev. a727a6b4728a 2013-09-27 18:48:16 -0400 (master branch) (Win32, Release)'),(1,1380737192,2401,2,'TrinityCore rev. 5c7dbb6cd59f+ 2013-09-28 08:36:58 -0400 (master branch) (Win32, Release)'),(1,1380740001,9001,2,'TrinityCore rev. 5c7dbb6cd59f+ 2013-09-28 08:36:58 -0400 (master branch) (Win32, Release)'),(1,1380749369,1801,2,'TrinityCore rev. 5c7dbb6cd59f+ 2013-09-28 08:36:58 -0400 (master branch) (Win32, Release)'),(1,1380752839,29401,2,'TrinityCore rev. 5c7dbb6cd59f+ 2013-09-28 08:36:58 -0400 (master branch) (Win32, Release)'),(1,1380782606,601,2,'TrinityCore rev. 5c7dbb6cd59f+ 2013-09-28 08:36:58 -0400 (master branch) (Win32, Release)'),(1,1380783568,61802,2,'TrinityCore rev. 5c7dbb6cd59f+ 2013-09-28 08:36:58 -0400 (master branch) (Win32, Release)'),(1,1380856556,0,0,'TrinityCore rev. 5c7dbb6cd59f+ 2013-09-28 08:36:58 -0400 (master branch) (Win32, Release)'),(1,1380856864,34201,2,'TrinityCore rev. 5c7dbb6cd59f+ 2013-09-28 08:36:58 -0400 (master branch) (Win32, Release)'),(1,1380891326,0,0,'TrinityCore rev. cc3aa033cdc0 2013-10-04 08:39:16 -0400 (master branch) (Win32, Release)'),(1,1380892089,1801,2,'TrinityCore rev. 540bc83416d2 2013-10-04 08:58:13 -0400 (master branch) (Win32, Release)'),(1,1380898239,0,0,'TrinityCore rev. 3d4c622ebfa7 2013-10-04 10:24:12 -0400 (master branch) (Win32, Release)'),(1,1380898531,0,0,'TrinityCore rev. 3d4c622ebfa7 2013-10-04 10:24:12 -0400 (master branch) (Win32, Release)'),(1,1380899582,0,0,'TrinityCore rev. 3d4c622ebfa7 2013-10-04 10:24:12 -0400 (master branch) (Win32, Release)'),(1,1380900418,0,0,'TrinityCore rev. 3d4c622ebfa7 2013-10-04 10:24:12 -0400 (master branch) (Win32, Release)'),(1,1380901361,7202,2,'TrinityCore rev. 3d4c622ebfa7 2013-10-04 10:24:12 -0400 (master branch) (Win32, Release)'),(1,1380911962,0,0,'TrinityCore rev. 1071545d1af5+ 2013-10-04 12:41:12 -0400 (master branch) (Win32, Release)'),(1,1380914583,0,0,'TrinityCore rev. 3d4c622ebfa7+ 2013-10-04 10:24:12 -0400 (master branch) (Win32, Release)'),(1,1380923272,0,0,'TrinityCore rev. 59b88ff133f5+ 2013-10-04 16:55:25 -0400 (master branch) (Win32, Release)'),(1,1380923763,3002,2,'TrinityCore rev. 59b88ff133f5+ 2013-10-04 16:55:25 -0400 (master branch) (Win32, Release)'),(1,1380937360,48002,2,'TrinityCore rev. 59b88ff133f5+ 2013-10-04 16:55:25 -0400 (master branch) (Win32, Release)'),(1,1380985938,601,2,'TrinityCore rev. 59b88ff133f5+ 2013-10-04 16:55:25 -0400 (master branch) (Win32, Release)'),(1,1380986798,0,0,'TrinityCore rev. 59b88ff133f5+ 2013-10-04 16:55:25 -0400 (master branch) (Win32, Release)'),(1,1380987848,0,0,'TrinityCore rev. 59b88ff133f5+ 2013-10-04 16:55:25 -0400 (master branch) (Win32, Release)'),(1,1380987982,0,0,'TrinityCore rev. 59b88ff133f5+ 2013-10-04 16:55:25 -0400 (master branch) (Win32, Release)'),(1,1380993336,0,0,'TrinityCore rev. 59b88ff133f5+ 2013-10-04 16:55:25 -0400 (master branch) (Win32, Release)'),(1,1380993483,0,0,'TrinityCore rev. 59b88ff133f5+ 2013-10-04 16:55:25 -0400 (master branch) (Win32, Release)'),(1,1381032913,601,1,'TrinityCore rev. 59b88ff133f5+ 2013-10-04 16:55:25 -0400 (master branch) (Win32, Release)'),(1,1381036063,141600,3,'TrinityCore rev. 59b88ff133f5+ 2013-10-04 16:55:25 -0400 (master branch) (Win32, Release)'),(1,1381178557,158419,3,'TrinityCore rev. 59b88ff133f5+ 2013-10-04 16:55:25 -0400 (master branch) (Win32, Release)'),(1,1381339979,1225,2,'TrinityCore rev. c7f389db638d 2013-10-09 09:47:03 -0400 (master branch) (Win64, Release)'),(1,1381341416,3000,2,'TrinityCore rev. c7f389db638d 2013-10-09 09:47:03 -0400 (master branch) (Win64, Release)'),(1,1381345193,3612,2,'TrinityCore rev. c7f389db638d 2013-10-09 09:47:03 -0400 (master branch) (Win64, Release)'),(1,1381349576,12001,2,'TrinityCore rev. c7f389db638d 2013-10-09 09:47:03 -0400 (master branch) (Win64, Release)'),(1,1381362188,64801,3,'TrinityCore rev. c7f389db638d 2013-10-09 09:47:03 -0400 (master branch) (Win64, Release)'),(1,1381427708,601,2,'TrinityCore rev. c7f389db638d 2013-10-09 09:47:03 -0400 (master branch) (Win64, Release)'),(1,1381428707,0,0,'TrinityCore rev. c7f389db638d 2013-10-09 09:47:03 -0400 (master branch) (Win64, Release)'),(1,1381428921,0,0,'TrinityCore rev. c7f389db638d 2013-10-09 09:47:03 -0400 (master branch) (Win64, Release)'),(1,1381429472,1801,2,'TrinityCore rev. c7f389db638d 2013-10-09 09:47:03 -0400 (master branch) (Win64, Release)'),(1,1381431343,3600,2,'TrinityCore rev. c7f389db638d 2013-10-09 09:47:03 -0400 (master branch) (Win64, Release)'),(1,1381435541,7801,3,'TrinityCore rev. c7f389db638d 2013-10-09 09:47:03 -0400 (master branch) (Win64, Release)'),(1,1381444002,0,0,'TrinityCore rev. c7f389db638d 2013-10-09 09:47:03 -0400 (master branch) (Win64, Release)'),(1,1381445194,0,0,'TrinityCore rev. c7f389db638d 2013-10-09 09:47:03 -0400 (master branch) (Win64, Release)'),(1,1381445762,601,3,'TrinityCore rev. c7f389db638d 2013-10-09 09:47:03 -0400 (master branch) (Win64, Release)'),(1,1381446449,0,0,'TrinityCore rev. c7f389db638d 2013-10-09 09:47:03 -0400 (master branch) (Win64, Release)'),(1,1381446700,24601,2,'TrinityCore rev. c7f389db638d 2013-10-09 09:47:03 -0400 (master branch) (Win64, Release)'),(1,1381471638,1801,2,'TrinityCore rev. c7f389db638d+ 2013-10-09 09:47:03 -0400 (master branch) (Win64, Release)'),(1,1381473730,0,0,'TrinityCore rev. c7f389db638d+ 2013-10-09 09:47:03 -0400 (master branch) (Win64, Release)'),(1,1381473869,0,0,'TrinityCore rev. c7f389db638d+ 2013-10-09 09:47:03 -0400 (master branch) (Win64, Release)'),(1,1381474449,70800,3,'TrinityCore rev. c7f389db638d+ 2013-10-09 09:47:03 -0400 (master branch) (Win64, Release)'),(1,1381545626,15656,2,'TrinityCore rev. c7f389db638d+ 2013-10-09 09:47:03 -0400 (master branch) (Win64, Release)'),(1,1381586927,0,0,'TrinityCore rev. c7f389db638d+ 2013-10-09 09:47:03 -0400 (master branch) (Win64, Release)'),(1,1381587044,7201,1,'TrinityCore rev. c7f389db638d+ 2013-10-09 09:47:03 -0400 (master branch) (Win64, Release)'),(1,1381594610,144001,4,'TrinityCore rev. c7f389db638d+ 2013-10-09 09:47:03 -0400 (master branch) (Win64, Release)'),(1,1381741254,0,0,'TrinityCore rev. 43610248a4f2+ 2013-10-12 14:20:58 -0400 (master branch) (Win64, Debug)'),(1,1381741849,13816,2,'TrinityCore rev. 43610248a4f2+ 2013-10-12 14:20:58 -0400 (master branch) (Win64, Debug)'),(1,1381756363,1216,2,'TrinityCore rev. 43610248a4f2+ 2013-10-12 14:20:58 -0400 (master branch) (Win64, Debug)'),(1,1381757730,616,2,'TrinityCore rev. 43610248a4f2+ 2013-10-12 14:20:58 -0400 (master branch) (Win64, Debug)'),(1,1381759264,1216,2,'TrinityCore rev. 43610248a4f2+ 2013-10-12 14:20:58 -0400 (master branch) (Win64, Debug)'),(1,1381761050,1216,2,'TrinityCore rev. 43610248a4f2+ 2013-10-12 14:20:58 -0400 (master branch) (Win64, Debug)'),(1,1381762631,1216,2,'TrinityCore rev. 43610248a4f2+ 2013-10-12 14:20:58 -0400 (master branch) (Win64, Debug)'),(1,1381764427,14415,3,'TrinityCore rev. 43610248a4f2+ 2013-10-12 14:20:58 -0400 (master branch) (Win64, Debug)'),(1,1381779331,1201,2,'TrinityCore rev. 466525774a2c+ 2013-10-14 04:36:21 -0400 (master branch) (Win64, Release)'),(1,1381780595,1801,2,'TrinityCore rev. 466525774a2c+ 2013-10-14 04:36:21 -0400 (master branch) (Win64, Release)'),(1,1381782910,0,0,'TrinityCore rev. 466525774a2c+ 2013-10-14 04:36:21 -0400 (master branch) (Win64, Release)'),(1,1381783085,64801,3,'TrinityCore rev. 466525774a2c+ 2013-10-14 04:36:21 -0400 (master branch) (Win64, Release)'),(1,1381853197,0,0,'TrinityCore rev. 04b5d596a2e4+ 2013-10-14 22:53:48 -0400 (master branch) (Win64, Release)'),(1,1381853283,600,1,'TrinityCore rev. 04b5d596a2e4+ 2013-10-14 22:53:48 -0400 (master branch) (Win64, Release)'),(1,1381854284,1800,1,'TrinityCore rev. 04b5d596a2e4+ 2013-10-14 22:53:48 -0400 (master branch) (Win64, Release)'),(1,1381856813,1813,1,'TrinityCore rev. 04b5d596a2e4+ 2013-10-14 22:53:48 -0400 (master branch) (Win64, Release)'),(1,1381859603,1801,2,'TrinityCore rev. 492a6bec6923+ 2013-10-15 13:21:08 -0400 (master branch) (Win64, Release)'),(1,1381861710,31801,3,'TrinityCore rev. 492a6bec6923+ 2013-10-15 13:21:08 -0400 (master branch) (Win64, Release)'),(1,1381893719,0,0,'TrinityCore rev. 492a6bec6923+ 2013-10-15 13:21:08 -0400 (master branch) (Win64, Release)'),(1,1381893817,0,0,'TrinityCore rev. 492a6bec6923+ 2013-10-15 13:21:08 -0400 (master branch) (Win64, Release)'),(1,1381894002,1200,1,'TrinityCore rev. 492a6bec6923+ 2013-10-15 13:21:08 -0400 (master branch) (Win64, Release)'),(1,1381895371,33601,2,'TrinityCore rev. 492a6bec6923+ 2013-10-15 13:21:08 -0400 (master branch) (Win64, Release)'),(1,1381929258,2401,2,'TrinityCore rev. 913a02aa05f9 2013-10-15 18:15:24 -0400 (master branch) (Win64, Release)'),(1,1381932235,2400,2,'TrinityCore rev. 913a02aa05f9 2013-10-15 18:15:24 -0400 (master branch) (Win64, Release)'),(1,1381935123,0,0,'TrinityCore rev. 913a02aa05f9 2013-10-15 18:15:24 -0400 (master branch) (Win64, Release)'),(1,1381935626,3601,2,'TrinityCore rev. 913a02aa05f9 2013-10-15 18:15:24 -0400 (master branch) (Win64, Release)'),(1,1381939446,4201,2,'TrinityCore rev. 913a02aa05f9+ 2013-10-15 18:15:24 -0400 (master branch) (Win64, Release)'),(1,1381944280,4802,3,'TrinityCore rev. 913a02aa05f9+ 2013-10-15 18:15:24 -0400 (master branch) (Win64, Release)'),(1,1381949449,68401,3,'TrinityCore rev. 913a02aa05f9+ 2013-10-15 18:15:24 -0400 (master branch) (Win64, Release)'),(1,1382018429,2400,2,'TrinityCore rev. b9258d7642b3 2013-10-17 09:30:07 -0400 (master branch) (Win64, Release)'),(1,1382021276,3601,2,'TrinityCore rev. b9258d7642b3+ 2013-10-17 09:30:07 -0400 (master branch) (Win64, Release)'),(1,1382024995,1201,2,'TrinityCore rev. b9258d7642b3 2013-10-17 09:30:07 -0400 (master branch) (Win64, Release)'),(1,1382026286,1801,2,'TrinityCore rev. b9258d7642b3 2013-10-17 09:30:07 -0400 (master branch) (Win64, Release)'),(1,1382028223,5400,2,'TrinityCore rev. b9258d7642b3 2013-10-17 09:30:07 -0400 (master branch) (Win64, Release)'),(1,1382034096,3601,2,'TrinityCore rev. b9258d7642b3+ 2013-10-17 09:30:07 -0400 (master branch) (Win64, Release)'),(1,1382037932,3601,2,'TrinityCore rev. b9258d7642b3+ 2013-10-17 09:30:07 -0400 (master branch) (Win64, Release)'),(1,1382041887,25801,2,'TrinityCore rev. cb4d1ae36caa+ 2013-10-17 15:56:34 -0400 (master branch) (Win64, Release)'),(1,1382068402,2400,3,'TrinityCore rev. 82efc91f0ea0+ 2013-10-17 16:13:58 -0400 (master branch) (Win64, Release)'),(1,1382071165,1801,2,'TrinityCore rev. 82efc91f0ea0+ 2013-10-17 16:13:58 -0400 (master branch) (Win64, Release)'),(1,1382073662,601,1,'TrinityCore rev. 82efc91f0ea0+ 2013-10-17 16:13:58 -0400 (master branch) (Win64, Release)'),(1,1382074843,36000,3,'TrinityCore rev. 82efc91f0ea0+ 2013-10-17 16:13:58 -0400 (master branch) (Win64, Release)'),(1,1382111361,5401,2,'TrinityCore rev. 82efc91f0ea0+ 2013-10-17 16:13:58 -0400 (master branch) (Win64, Release)'),(1,1382117123,1801,2,'TrinityCore rev. 82efc91f0ea0+ 2013-10-17 16:13:58 -0400 (master branch) (Win64, Release)'),(1,1382119508,4801,2,'TrinityCore rev. 82efc91f0ea0+ 2013-10-17 16:13:58 -0400 (master branch) (Win32, Release)'),(1,1382124467,0,0,'TrinityCore rev. 82efc91f0ea0+ 2013-10-17 16:13:58 -0400 (master branch) (Win32, Release)'),(1,1382125293,601,2,'TrinityCore rev. 82efc91f0ea0+ 2013-10-17 16:13:58 -0400 (master branch) (Win32, Release)'),(1,1382126334,2400,2,'TrinityCore rev. 82efc91f0ea0+ 2013-10-17 16:13:58 -0400 (master branch) (Win32, Release)'),(1,1382129405,0,0,'TrinityCore rev. 82efc91f0ea0+ 2013-10-17 16:13:58 -0400 (master branch) (Win32, Release)'),(1,1382130570,1201,2,'TrinityCore rev. 82efc91f0ea0+ 2013-10-17 16:13:58 -0400 (master branch) (Win32, Release)'),(1,1382132089,601,2,'TrinityCore rev. 82efc91f0ea0+ 2013-10-17 16:13:58 -0400 (master branch) (Win32, Release)'),(1,1382133294,67201,4,'TrinityCore rev. 82efc91f0ea0+ 2013-10-17 16:13:58 -0400 (master branch) (Win32, Release)'),(1,1382200878,64800,7,'TrinityCore rev. 7cee705debce 2013-10-19 09:15:45 -0400 (master branch) (Win64, Release)'),(1,1382265762,0,0,'TrinityCore rev. 7cee705debce 2013-10-19 09:15:45 -0400 (master branch) (Win64, Release)'),(1,1382265920,1801,2,'TrinityCore rev. 7cee705debce+ 2013-10-19 09:15:45 -0400 (master branch) (Win32, Release)'),(1,1382267932,2400,2,'TrinityCore rev. 7cee705debce+ 2013-10-19 09:15:45 -0400 (master branch) (Win32, Release)'),(1,1382270778,601,2,'TrinityCore rev. 7cee705debce+ 2013-10-19 09:15:45 -0400 (master branch) (Win32, Release)'),(1,1382271679,7800,2,'TrinityCore rev. 7cee705debce+ 2013-10-19 09:15:45 -0400 (master branch) (Win32, Release)'),(1,1382280108,3000,2,'TrinityCore rev. 7cee705debce+ 2013-10-19 09:15:45 -0400 (master branch) (Win32, Release)'),(1,1382283327,69001,6,'TrinityCore rev. 7cee705debce+ 2013-10-19 09:15:45 -0400 (master branch) (Win32, Release)'),(1,1382352651,1800,2,'TrinityCore rev. 7cee705debce+ 2013-10-19 09:15:45 -0400 (master branch) (Win32, Release)'),(1,1382354949,7201,2,'TrinityCore rev. 7cee705debce+ 2013-10-19 09:15:45 -0400 (master branch) (Win32, Release)'),(1,1382362583,0,0,'TrinityCore rev. 7cee705debce+ 2013-10-19 09:15:45 -0400 (master branch) (Win32, Release)'),(1,1382363556,0,0,'TrinityCore rev. 7cee705debce+ 2013-10-19 09:15:45 -0400 (master branch) (Win32, Release)'),(1,1382363811,2401,2,'TrinityCore rev. 7cee705debce+ 2013-10-19 09:15:45 -0400 (master branch) (Win32, Release)'),(1,1382366642,0,0,'TrinityCore rev. 7cee705debce+ 2013-10-19 09:15:45 -0400 (master branch) (Win32, Release)'),(1,1382366781,6001,1,'TrinityCore rev. 7cee705debce+ 2013-10-19 09:15:45 -0400 (master branch) (Win32, Release)'),(1,1382374495,1216,2,'TrinityCore rev. 7cee705debce+ 2013-10-19 09:15:45 -0400 (master branch) (Win64, Debug)'),(1,1382376058,78001,3,'TrinityCore rev. 7cee705debce+ 2013-10-19 09:15:45 -0400 (master branch) (Win64, Release)'),(1,1382454345,2400,2,'TrinityCore rev. 7cee705debce+ 2013-10-19 09:15:45 -0400 (master branch) (Win32, Release)'),(1,1382457070,0,0,'TrinityCore rev. 7cee705debce+ 2013-10-19 09:15:45 -0400 (master branch) (Win32, Release)'),(1,1382457306,0,0,'TrinityCore rev. 7cee705debce+ 2013-10-19 09:15:45 -0400 (master branch) (Win32, Release)'),(1,1382458334,6600,2,'TrinityCore rev. 7cee705debce+ 2013-10-19 09:15:45 -0400 (master branch) (Win32, Release)'),(1,1382465413,13200,3,'TrinityCore rev. 7cee705debce+ 2013-10-19 09:15:45 -0400 (master branch) (Win32, Release)'),(1,1382479084,18600,2,'TrinityCore rev. 884e302606df+ 2013-10-22 17:36:44 -0400 (master branch) (Win32, Release)'),(1,1382498290,7800,2,'TrinityCore rev. 884e302606df+ 2013-10-22 17:36:44 -0400 (master branch) (Win32, Release)'),(1,1382506661,32401,2,'TrinityCore rev. 884e302606df+ 2013-10-22 17:36:44 -0400 (master branch) (Win32, Release)'),(1,1382539246,87601,3,'TrinityCore rev. 884e302606df+ 2013-10-22 17:36:44 -0400 (master branch) (Win32, Release)'),(1,1382627384,600,2,'TrinityCore rev. 884e302606df+ 2013-10-22 17:36:44 -0400 (master branch) (Win32, Release)'),(1,1382628291,600,2,'TrinityCore rev. 884e302606df+ 2013-10-22 17:36:44 -0400 (master branch) (Win32, Release)'),(1,1382629514,0,0,'TrinityCore rev. 884e302606df+ 2013-10-22 17:36:44 -0400 (master branch) (Win32, Release)'),(1,1382629805,0,0,'TrinityCore rev. 884e302606df+ 2013-10-22 17:36:44 -0400 (master branch) (Win32, Release)'),(1,1382630126,2400,2,'TrinityCore rev. 884e302606df+ 2013-10-22 17:36:44 -0400 (master branch) (Win32, Release)'),(1,1382633019,0,0,'TrinityCore rev. 884e302606df+ 2013-10-22 17:36:44 -0400 (master branch) (Win32, Release)'),(1,1382633293,0,0,'TrinityCore rev. 884e302606df+ 2013-10-22 17:36:44 -0400 (master branch) (Win32, Release)'),(1,1382633559,0,0,'TrinityCore rev. 884e302606df+ 2013-10-22 17:36:44 -0400 (master branch) (Win32, Release)'),(1,1382633875,0,0,'TrinityCore rev. 884e302606df+ 2013-10-22 17:36:44 -0400 (master branch) (Win32, Release)'),(1,1382634271,0,0,'TrinityCore rev. 884e302606df+ 2013-10-22 17:36:44 -0400 (master branch) (Win32, Release)'),(1,1382634432,601,2,'TrinityCore rev. 884e302606df+ 2013-10-22 17:36:44 -0400 (master branch) (Win32, Release)'),(1,1382635320,0,0,'TrinityCore rev. 884e302606df+ 2013-10-22 17:36:44 -0400 (master branch) (Win32, Release)'),(1,1382635760,6001,2,'TrinityCore rev. 884e302606df+ 2013-10-22 17:36:44 -0400 (master branch) (Win32, Release)'),(1,1382642232,63000,2,'TrinityCore rev. 884e302606df+ 2013-10-22 17:36:44 -0400 (master branch) (Win32, Release)'),(1,1382705393,5400,2,'TrinityCore rev. 884e302606df+ 2013-10-22 17:36:44 -0400 (master branch) (Win32, Release)'),(1,1382711707,601,2,'TrinityCore rev. 884e302606df+ 2013-10-22 17:36:44 -0400 (master branch) (Win32, Release)'),(1,1382712726,1801,2,'TrinityCore rev. 884e302606df+ 2013-10-22 17:36:44 -0400 (master branch) (Win32, Release)'),(1,1382715161,6600,2,'TrinityCore rev. 024baad4fc60 2013-10-25 11:22:01 -0400 (master branch) (Win32, Release)'),(1,1382722040,82800,4,'TrinityCore rev. 024baad4fc60+ 2013-10-25 11:22:01 -0400 (master branch) (Win32, Release)'),(1,1382805240,1800,2,'TrinityCore rev. 085cde507e86+ 2013-10-25 13:29:28 -0400 (master branch) (Win32, Release)'),(1,1382807392,601,2,'TrinityCore rev. 085cde507e86+ 2013-10-25 13:29:28 -0400 (master branch) (Win32, Release)'),(1,1382808129,1800,2,'TrinityCore rev. 085cde507e86+ 2013-10-25 13:29:28 -0400 (master branch) (Win32, Release)'),(1,1382810544,76801,4,'TrinityCore rev. 085cde507e86+ 2013-10-25 13:29:28 -0400 (master branch) (Win32, Release)'),(1,1382888017,88201,2,'TrinityCore rev. 4cc0f6254cd5+ 2013-10-26 17:12:25 -0400 (master branch) (Win32, Release)'),(1,1382976405,74400,4,'TrinityCore rev. 4cc0f6254cd5+ 2013-10-26 17:12:25 -0400 (master branch) (Win32, Release)'),(1,1383050828,0,0,'TrinityCore rev. 4cc0f6254cd5+ 2013-10-26 17:12:25 -0400 (master branch) (Win32, Release)'),(1,1383051197,0,0,'TrinityCore rev. 4cc0f6254cd5+ 2013-10-26 17:12:25 -0400 (master branch) (Win32, Release)'),(1,1383051641,12000,2,'TrinityCore rev. 4cc0f6254cd5+ 2013-10-26 17:12:25 -0400 (master branch) (Win32, Release)'),(1,1383064861,1801,2,'TrinityCore rev. c00d0bc5eaac+ 2013-10-29 12:12:59 -0400 (master branch) (Win32, Release)'),(1,1383066826,10801,3,'TrinityCore rev. f88f704aba4d+ 2013-10-29 11:51:56 -0400 (master branch) (Win32, Release)'),(1,1383078159,5401,3,'TrinityCore rev. f88f704aba4d+ 2013-10-29 11:51:56 -0400 (master branch) (Win32, Release)'),(1,1383084366,0,0,'TrinityCore rev. 36a61396a84c+ 2013-10-29 13:41:53 -0400 (master branch) (Win32, Release)'),(1,1383087764,25800,3,'TrinityCore rev. 36a61396a84c 2013-10-29 13:41:53 -0400 (master branch) (Win32, Release)'),(1,1383113734,1801,2,'TrinityCore rev. 36a61396a84c 2013-10-29 13:41:53 -0400 (master branch) (Win32, Release)'),(1,1383115914,29401,2,'TrinityCore rev. 36a61396a84c 2013-10-29 13:41:53 -0400 (master branch) (Win32, Release)'),(1,1383145919,601,2,'TrinityCore rev. 36a61396a84c 2013-10-29 13:41:53 -0400 (master branch) (Win32, Release)'),(1,1383146680,601,2,'TrinityCore rev. 36a61396a84c 2013-10-29 13:41:53 -0400 (master branch) (Win32, Release)'),(1,1383147741,3000,2,'TrinityCore rev. 36a61396a84c 2013-10-29 13:41:53 -0400 (master branch) (Win32, Release)'),(1,1383151214,172200,5,'TrinityCore rev. 36a61396a84c 2013-10-29 13:41:53 -0400 (master branch) (Win32, Release)'),(1,1383324012,2404,3,'TrinityCore rev. 36a61396a84c 2013-10-29 13:41:53 -0400 (master branch) (Win32, Release)'),(1,1383326900,22801,3,'TrinityCore rev. 36a61396a84c 2013-10-29 13:41:53 -0400 (master branch) (Win32, Release)'),(1,1383349932,601,3,'TrinityCore rev. 36a61396a84c 2013-10-29 13:41:53 -0400 (master branch) (Win32, Release)'),(1,1383350686,9001,5,'TrinityCore rev. 36a61396a84c 2013-10-29 13:41:53 -0400 (master branch) (Win32, Release)'),(1,1383405338,0,0,'TrinityCore rev. 36a61396a84c 2013-10-29 13:41:53 -0400 (master branch) (Win32, Release)'),(1,1383405673,601,3,'TrinityCore rev. 36a61396a84c 2013-10-29 13:41:53 -0400 (master branch) (Win32, Release)'),(1,1383406304,41401,4,'TrinityCore rev. 36a61396a84c 2013-10-29 13:41:53 -0400 (master branch) (Win32, Release)'),(1,1383447857,45001,3,'TrinityCore rev. 36a61396a84c 2013-10-29 13:41:53 -0400 (master branch) (Win32, Release)'),(1,1383493257,61200,3,'TrinityCore rev. 36a61396a84c 2013-10-29 13:41:53 -0400 (master branch) (Win32, Release)'),(1,1383554753,2400,2,'TrinityCore rev. 36a61396a84c 2013-10-29 13:41:53 -0400 (master branch) (Win32, Release)'),(1,1383557366,27600,2,'TrinityCore rev. 36a61396a84c 2013-10-29 13:41:53 -0400 (master branch) (Win32, Release)'),(1,1383585520,32401,5,'TrinityCore rev. 36a61396a84c 2013-10-29 13:41:53 -0400 (master branch) (Win32, Release)'),(1,1383618969,2405,2,'TrinityCore rev. 8c2f78581d7d+ 2013-11-04 21:13:14 -0500 (master branch) (Win32, Release)'),(1,1383621613,175201,4,'TrinityCore rev. 8c2f78581d7d+ 2013-11-04 21:13:14 -0500 (master branch) (Win32, Release)'),(1,1383797455,3600,4,'TrinityCore rev. 0f478e043d37+ 2013-11-06 11:56:06 -0500 (master branch) (Win32, Release)'),(1,1383801519,1201,2,'TrinityCore rev. 0f478e043d37+ 2013-11-06 11:56:06 -0500 (master branch) (Win32, Release)'),(1,1383802856,0,0,'TrinityCore rev. 0f478e043d37+ 2013-11-06 11:56:06 -0500 (master branch) (Win32, Release)'),(1,1383803223,1200,3,'TrinityCore rev. 0f478e043d37+ 2013-11-06 11:56:06 -0500 (master branch) (Win32, Release)'),(1,1383804486,0,0,'TrinityCore rev. 0f478e043d37+ 2013-11-06 11:56:06 -0500 (master branch) (Win32, Release)'),(1,1383805045,27001,2,'TrinityCore rev. 0f478e043d37+ 2013-11-06 11:56:06 -0500 (master branch) (Win32, Release)'),(1,1383832322,0,0,'TrinityCore rev. 0f478e043d37+ 2013-11-06 11:56:06 -0500 (master branch) (Win32, Release)'),(1,1383832687,0,0,'TrinityCore rev. 0f478e043d37+ 2013-11-06 11:56:06 -0500 (master branch) (Win32, Release)'),(1,1383833108,114600,3,'TrinityCore rev. 0f478e043d37+ 2013-11-06 11:56:06 -0500 (master branch) (Win32, Release)'),(1,1383947875,57001,3,'TrinityCore rev. 0f478e043d37+ 2013-11-06 11:56:06 -0500 (master branch) (Win32, Release)'),(1,1384005282,15601,6,'TrinityCore rev. 2661299eeeec+ 2013-11-07 00:25:14 -0500 (master branch) (Win32, Release)'),(1,1384021129,1200,2,'TrinityCore rev. 2661299eeeec+ 2013-11-07 00:25:14 -0500 (master branch) (Win32, Release)'),(1,1384022869,10801,4,'TrinityCore rev. 2661299eeeec+ 2013-11-07 00:25:14 -0500 (master branch) (Win32, Release)'),(1,1384033727,0,0,'TrinityCore rev. 2661299eeeec+ 2013-11-07 00:25:14 -0500 (master branch) (Win32, Release)'),(1,1384033840,7201,5,'TrinityCore rev. 2661299eeeec+ 2013-11-07 00:25:14 -0500 (master branch) (Win32, Release)'),(1,1384041340,24001,3,'TrinityCore rev. 2661299eeeec+ 2013-11-07 00:25:14 -0500 (master branch) (Win32, Release)'),(1,1384132766,21001,3,'TrinityCore rev. 2661299eeeec+ 2013-11-07 00:25:14 -0500 (master branch) (Win32, Release)'),(1,1384157785,42001,2,'TrinityCore rev. 2661299eeeec+ 2013-11-07 00:25:14 -0500 (master branch) (Win32, Release)'),(1,1384200234,70200,3,'TrinityCore rev. 2661299eeeec+ 2013-11-07 00:25:14 -0500 (master branch) (Win32, Release)'),(1,1384273066,0,0,'TrinityCore rev. 2661299eeeec+ 2013-11-07 00:25:14 -0500 (master branch) (Win32, Debug)'),(1,1384612849,632,2,'TrinityCore rev. 3cc91adc5cae+ 2013-11-15 09:06:59 -0500 (master branch) (Win32, Release)'),(1,1384771428,11401,1,'TrinityCore rev. 3cc91adc5cae+ 2013-11-15 09:06:59 -0500 (master branch) (Win32, Release)'),(1,1384783182,33601,2,'TrinityCore rev. 3cc91adc5cae+ 2013-11-15 09:06:59 -0500 (master branch) (Win32, Release)'),(1,1384817425,6002,2,'TrinityCore rev. 3cc91adc5cae+ 2013-11-15 09:06:59 -0500 (master branch) (Win32, Release)'),(1,1384824392,100204,4,'TrinityCore rev. 3cc91adc5cae+ 2013-11-15 09:06:59 -0500 (master branch) (Win32, Release)'),(1,1384928401,3601,1,'TrinityCore rev. 3cc91adc5cae+ 2013-11-15 09:06:59 -0500 (master branch) (Win32, Release)'),(1,1384932169,600,1,'TrinityCore rev. 3cc91adc5cae+ 2013-11-15 09:06:59 -0500 (master branch) (Win32, Release)'),(1,1384932951,0,0,'TrinityCore rev. 3cc91adc5cae+ 2013-11-15 09:06:59 -0500 (master branch) (Win32, Release)'),(1,1384932990,0,0,'TrinityCore rev. 3cc91adc5cae+ 2013-11-15 09:06:59 -0500 (master branch) (Win32, Release)'),(1,1384933352,0,0,'TrinityCore rev. 3cc91adc5cae+ 2013-11-15 09:06:59 -0500 (master branch) (Win32, Release)'),(1,1384934066,51602,2,'TrinityCore rev. 3cc91adc5cae+ 2013-11-15 09:06:59 -0500 (master branch) (Win32, Release)'),(1,1384986023,0,0,'TrinityCore rev. 3cc91adc5cae+ 2013-11-15 09:06:59 -0500 (master branch) (Win32, Release)'),(1,1384986421,0,0,'TrinityCore rev. 3cc91adc5cae+ 2013-11-15 09:06:59 -0500 (master branch) (Win32, Release)'),(1,1384986680,601,2,'TrinityCore rev. 3cc91adc5cae+ 2013-11-15 09:06:59 -0500 (master branch) (Win32, Release)'),(1,1384987863,0,0,'TrinityCore rev. 3cc91adc5cae+ 2013-11-15 09:06:59 -0500 (master branch) (Win32, Release)'),(1,1384988394,8401,5,'TrinityCore rev. 3cc91adc5cae+ 2013-11-15 09:06:59 -0500 (master branch) (Win32, Release)'),(1,1384998611,2401,4,'TrinityCore rev. f612d2d846ac 2013-11-20 11:12:35 -0500 (master branch) (Win32, Release)'),(1,1385001068,6600,5,'TrinityCore rev. f612d2d846ac 2013-11-20 11:12:35 -0500 (master branch) (Win32, Release)'),(1,1385008263,69601,2,'TrinityCore rev. f612d2d846ac 2013-11-20 11:12:35 -0500 (master branch) (Win32, Release)'),(1,1385078359,0,0,'TrinityCore rev. f612d2d846ac 2013-11-20 11:12:35 -0500 (master branch) (Win32, Release)'),(1,1385078591,1800,2,'TrinityCore rev. f612d2d846ac 2013-11-20 11:12:35 -0500 (master branch) (Win32, Release)'),(1,1385080942,600,2,'TrinityCore rev. f612d2d846ac 2013-11-20 11:12:35 -0500 (master branch) (Win32, Release)'),(1,1385081607,0,0,'TrinityCore rev. f612d2d846ac 2013-11-20 11:12:35 -0500 (master branch) (Win32, Release)'),(1,1385082147,46800,2,'TrinityCore rev. f612d2d846ac 2013-11-20 11:12:35 -0500 (master branch) (Win32, Release)'),(1,1385129456,0,0,'TrinityCore rev. f612d2d846ac+ 2013-11-20 11:12:35 -0500 (master branch) (Win32, Release)'),(1,1385129896,0,0,'TrinityCore rev. f612d2d846ac+ 2013-11-20 11:12:35 -0500 (master branch) (Win32, Release)'),(1,1385130188,601,2,'TrinityCore rev. f612d2d846ac+ 2013-11-20 11:12:35 -0500 (master branch) (Win32, Release)'),(1,1385131417,51001,2,'TrinityCore rev. f612d2d846ac+ 2013-11-20 11:12:35 -0500 (master branch) (Win32, Release)'),(1,1385183268,105000,3,'TrinityCore rev. f89ebb88a4ee 2013-11-22 13:50:09 -0500 (master branch) (Win64, Release)'),(1,1385294037,142804,2,'TrinityCore rev. f89ebb88a4ee 2013-11-22 13:50:09 -0500 (master branch) (Win64, Release)'),(1,1385437094,1800,2,'TrinityCore rev. f89ebb88a4ee 2013-11-22 13:50:09 -0500 (master branch) (Win64, Release)'),(1,1385439354,91800,2,'TrinityCore rev. f89ebb88a4ee 2013-11-22 13:50:09 -0500 (master branch) (Win64, Release)'),(1,1385531578,89234,3,'TrinityCore rev. f89ebb88a4ee 2013-11-22 13:50:09 -0500 (master branch) (Win64, Release)'),(1,1385621305,33002,2,'TrinityCore rev. f89ebb88a4ee 2013-11-22 13:50:09 -0500 (master branch) (Win64, Release)'),(1,1385654675,601,2,'TrinityCore rev. f89ebb88a4ee 2013-11-22 13:50:09 -0500 (master branch) (Win64, Release)'),(1,1385655371,0,0,'TrinityCore rev. f89ebb88a4ee 2013-11-22 13:50:09 -0500 (master branch) (Win64, Release)'),(1,1385655790,98401,2,'TrinityCore rev. f89ebb88a4ee 2013-11-22 13:50:09 -0500 (master branch) (Win64, Release)'),(1,1385754488,0,0,'TrinityCore rev. f89ebb88a4ee 2013-11-22 13:50:09 -0500 (master branch) (Win64, Release)'),(1,1385754852,0,0,'TrinityCore rev. f89ebb88a4ee 2013-11-22 13:50:09 -0500 (master branch) (Win64, Release)'),(1,1385755043,0,0,'TrinityCore rev. f89ebb88a4ee 2013-11-22 13:50:09 -0500 (master branch) (Win64, Release)'),(1,1385755163,0,0,'TrinityCore rev. f89ebb88a4ee 2013-11-22 13:50:09 -0500 (master branch) (Win64, Release)'),(1,1385755384,0,0,'TrinityCore rev. f89ebb88a4ee 2013-11-22 13:50:09 -0500 (master branch) (Win64, Release)'),(1,1385755491,55801,2,'TrinityCore rev. f89ebb88a4ee 2013-11-22 13:50:09 -0500 (master branch) (Win64, Release)'),(1,1385848149,30623,2,'TrinityCore rev. f89ebb88a4ee 2013-11-22 13:50:09 -0500 (master branch) (Win64, Release)'),(1,1385879927,34205,2,'TrinityCore rev. f89ebb88a4ee 2013-11-22 13:50:09 -0500 (master branch) (Win64, Release)'),(1,1385914615,0,0,'TrinityCore rev. f89ebb88a4ee 2013-11-22 13:50:09 -0500 (master branch) (Win64, Release)'),(1,1385914813,0,0,'TrinityCore rev. f89ebb88a4ee 2013-11-22 13:50:09 -0500 (master branch) (Win64, Release)'),(1,1385915438,4800,2,'TrinityCore rev. f89ebb88a4ee 2013-11-22 13:50:09 -0500 (master branch) (Win64, Release)'),(1,1385920889,18601,2,'TrinityCore rev. 0a3d83000fb3+ 2013-12-01 02:53:57 -0500 (master branch) (Win64, Release)'),(1,1385941778,5404,1,'TrinityCore rev. 0a3d83000fb3+ 2013-12-01 02:53:57 -0500 (master branch) (Win64, Release)'),(1,1385947431,3601,2,'TrinityCore rev. 0a3d83000fb3+ 2013-12-01 02:53:57 -0500 (master branch) (Win64, Release)'),(1,1385951609,1800,1,'TrinityCore rev. 0a3d83000fb3+ 2013-12-01 02:53:57 -0500 (master branch) (Win64, Release)'),(1,1385953424,0,0,'TrinityCore rev. 0a3d83000fb3+ 2013-12-01 02:53:57 -0500 (master branch) (Win64, Release)'),(1,1385953611,0,0,'TrinityCore rev. 0a3d83000fb3+ 2013-12-01 02:53:57 -0500 (master branch) (Win64, Release)'),(1,1385953860,0,0,'TrinityCore rev. 0a3d83000fb3+ 2013-12-01 02:53:57 -0500 (master branch) (Win64, Release)'),(1,1385954016,6001,2,'TrinityCore rev. 0a3d83000fb3+ 2013-12-01 02:53:57 -0500 (master branch) (Win64, Release)'),(1,1385960813,13200,2,'TrinityCore rev. 0a3d83000fb3+ 2013-12-01 02:53:57 -0500 (master branch) (Win64, Release)'),(1,1385974460,0,0,'TrinityCore rev. 0a3d83000fb3+ 2013-12-01 02:53:57 -0500 (master branch) (Win64, Release)'),(1,1385974684,0,0,'TrinityCore rev. 0a3d83000fb3+ 2013-12-01 02:53:57 -0500 (master branch) (Win64, Release)'),(1,1385974844,0,0,'TrinityCore rev. 0a3d83000fb3+ 2013-12-01 02:53:57 -0500 (master branch) (Win64, Release)'),(1,1385974903,18601,2,'TrinityCore rev. 0a3d83000fb3+ 2013-12-01 02:53:57 -0500 (master branch) (Win64, Release)'),(1,1385993749,2401,3,'TrinityCore rev. 0a3d83000fb3+ 2013-12-01 02:53:57 -0500 (master branch) (Win64, Release)'),(1,1385996352,1201,2,'TrinityCore rev. 0a3d83000fb3+ 2013-12-01 02:53:57 -0500 (master branch) (Win64, Release)'),(1,1385997659,32401,2,'TrinityCore rev. 0a3d83000fb3+ 2013-12-01 02:53:57 -0500 (master branch) (Win64, Release)'),(1,1386030101,601,2,'TrinityCore rev. 0a3d83000fb3+ 2013-12-01 02:53:57 -0500 (master branch) (Win64, Release)'),(1,1386030932,1801,2,'TrinityCore rev. 0a3d83000fb3+ 2013-12-01 02:53:57 -0500 (master branch) (Win64, Release)'),(1,1386033248,601,2,'TrinityCore rev. 0a3d83000fb3+ 2013-12-01 02:53:57 -0500 (master branch) (Win64, Release)'),(1,1386034103,0,0,'TrinityCore rev. 0a3d83000fb3+ 2013-12-01 02:53:57 -0500 (master branch) (Win64, Release)'),(1,1386034437,0,0,'TrinityCore rev. 0a3d83000fb3+ 2013-12-01 02:53:57 -0500 (master branch) (Win64, Release)'),(1,1386034634,0,0,'TrinityCore rev. 0a3d83000fb3+ 2013-12-01 02:53:57 -0500 (master branch) (Win64, Release)'),(1,1386034989,34801,2,'TrinityCore rev. 0a3d83000fb3+ 2013-12-01 02:53:57 -0500 (master branch) (Win64, Release)'),(1,1386070132,600,3,'TrinityCore rev. 0a3d83000fb3+ 2013-12-01 02:53:57 -0500 (master branch) (Win64, Release)'),(1,1386071238,143401,4,'TrinityCore rev. 0a3d83000fb3+ 2013-12-01 02:53:57 -0500 (master branch) (Win64, Release)'),(1,1386215225,0,0,'TrinityCore rev. 0a3d83000fb3+ 2013-12-01 02:53:57 -0500 (master branch) (Win64, Release)'),(1,1386215412,5401,4,'TrinityCore rev. 0a3d83000fb3+ 2013-12-01 02:53:57 -0500 (master branch) (Win64, Release)'),(1,1386220869,600,3,'TrinityCore rev. 0a3d83000fb3+ 2013-12-01 02:53:57 -0500 (master branch) (Win64, Release)'),(1,1386221900,18000,4,'TrinityCore rev. 0a3d83000fb3+ 2013-12-01 02:53:57 -0500 (master branch) (Win64, Release)'),(1,1386240109,0,0,'TrinityCore rev. 0a3d83000fb3+ 2013-12-01 02:53:57 -0500 (master branch) (Win64, Release)'),(1,1386240588,0,0,'TrinityCore rev. 0a3d83000fb3+ 2013-12-01 02:53:57 -0500 (master branch) (Win64, Release)'),(1,1386240995,0,0,'TrinityCore rev. 0a3d83000fb3+ 2013-12-01 02:53:57 -0500 (master branch) (Win64, Release)'),(1,1386241056,0,0,'TrinityCore rev. 0a3d83000fb3+ 2013-12-01 02:53:57 -0500 (master branch) (Win64, Release)'),(1,1386241606,3601,4,'TrinityCore rev. 0a3d83000fb3+ 2013-12-01 02:53:57 -0500 (master branch) (Win64, Release)'),(1,1386245805,4201,3,'TrinityCore rev. 0a3d83000fb3+ 2013-12-01 02:53:57 -0500 (master branch) (Win64, Release)'),(1,1386250206,31800,4,'TrinityCore rev. 0a3d83000fb3+ 2013-12-01 02:53:57 -0500 (master branch) (Win64, Release)'),(1,1386282521,1801,2,'TrinityCore rev. 0a3d83000fb3+ 2013-12-01 02:53:57 -0500 (master branch) (Win64, Release)'),(1,1386284795,3001,4,'TrinityCore rev. 0a3d83000fb3+ 2013-12-01 02:53:57 -0500 (master branch) (Win64, Release)'),(1,1386288338,601,4,'TrinityCore rev. 0a3d83000fb3+ 2013-12-01 02:53:57 -0500 (master branch) (Win64, Release)'),(1,1386289450,0,0,'TrinityCore rev. 0a3d83000fb3+ 2013-12-01 02:53:57 -0500 (master branch) (Win64, Release)'),(1,1386289910,13201,5,'TrinityCore rev. 0a3d83000fb3+ 2013-12-01 02:53:57 -0500 (master branch) (Win64, Release)'),(1,1386303194,0,0,'TrinityCore rev. 0a3d83000fb3+ 2013-12-01 02:53:57 -0500 (master branch) (Win64, Release)'),(1,1386303734,0,0,'TrinityCore rev. 0a3d83000fb3+ 2013-12-01 02:53:57 -0500 (master branch) (Win64, Release)'),(1,1386304126,600,4,'TrinityCore rev. 0a3d83000fb3+ 2013-12-01 02:53:57 -0500 (master branch) (Win64, Release)'),(1,1386304940,0,0,'TrinityCore rev. 0a3d83000fb3+ 2013-12-01 02:53:57 -0500 (master branch) (Win64, Release)'),(1,1386305146,0,0,'TrinityCore rev. 0a3d83000fb3+ 2013-12-01 02:53:57 -0500 (master branch) (Win64, Release)'),(1,1386305821,600,5,'TrinityCore rev. 0a3d83000fb3+ 2013-12-01 02:53:57 -0500 (master branch) (Win64, Release)'),(1,1386306643,1801,4,'TrinityCore rev. 0a3d83000fb3+ 2013-12-01 02:53:57 -0500 (master branch) (Win64, Release)'),(1,1386308972,600,3,'TrinityCore rev. 0a3d83000fb3+ 2013-12-01 02:53:57 -0500 (master branch) (Win64, Release)'),(1,1386310168,5400,5,'TrinityCore rev. e984dd14c437+ 2013-12-05 15:26:26 -0500 (master branch) (Win32, Release)'),(1,1386315802,0,0,'TrinityCore rev. e984dd14c437+ 2013-12-05 15:26:26 -0500 (master branch) (Win32, Release)'),(1,1386316329,3601,2,'TrinityCore rev. e984dd14c437+ 2013-12-05 15:26:26 -0500 (master branch) (Win32, Release)'),(1,1386317924,1805,2,'TrinityCore rev. e984dd14c437+ 2013-12-05 15:26:26 -0500 (master branch) (Win32, Release)'),(1,1386320051,601,1,'TrinityCore rev. e984dd14c437+ 2013-12-05 15:26:26 -0500 (master branch) (Win32, Release)'),(1,1386320057,1802,2,'TrinityCore rev. e984dd14c437+ 2013-12-05 15:26:26 -0500 (master branch) (Win32, Release)'),(1,1386322330,601,3,'TrinityCore rev. e984dd14c437+ 2013-12-05 15:26:26 -0500 (master branch) (Win32, Release)'),(1,1386322973,0,0,'TrinityCore rev. e984dd14c437+ 2013-12-05 15:26:26 -0500 (master branch) (Win32, Release)'),(1,1386323208,0,0,'TrinityCore rev. e984dd14c437+ 2013-12-05 15:26:26 -0500 (master branch) (Win32, Release)'),(1,1386323344,601,3,'TrinityCore rev. e984dd14c437+ 2013-12-05 15:26:26 -0500 (master branch) (Win32, Release)'),(1,1386324531,7800,3,'TrinityCore rev. e984dd14c437+ 2013-12-05 15:26:26 -0500 (master branch) (Win32, Release)'),(1,1386332607,600,2,'TrinityCore rev. e984dd14c437+ 2013-12-05 15:26:26 -0500 (master branch) (Win32, Release)'),(1,1386337965,177433,3,'TrinityCore rev. e984dd14c437+ 2013-12-05 15:26:26 -0500 (master branch) (Win32, Release)'),(1,1386515808,601,2,'TrinityCore rev. e984dd14c437+ 2013-12-05 15:26:26 -0500 (master branch) (Win32, Release)'),(1,1386516489,0,0,'TrinityCore rev. e984dd14c437+ 2013-12-05 15:26:26 -0500 (master branch) (Win32, Release)'),(1,1386516935,0,0,'TrinityCore rev. e984dd14c437+ 2013-12-05 15:26:26 -0500 (master branch) (Win32, Release)'),(1,1386517369,9000,2,'TrinityCore rev. e984dd14c437+ 2013-12-05 15:26:26 -0500 (master branch) (Win32, Release)'),(1,1386527155,83400,1,'TrinityCore rev. e60318302be0+ 2013-12-08 02:25:11 -0500 (master branch) (Win32, Release)'),(1,1386612048,77433,1,'TrinityCore rev. e60318302be0+ 2013-12-08 02:25:11 -0500 (master branch) (Win32, Release)'),(1,1386690077,27001,2,'TrinityCore rev. e60318302be0+ 2013-12-08 02:25:11 -0500 (master branch) (Win32, Release)'),(1,1386718966,145258,2,'TrinityCore rev. e60318302be0+ 2013-12-08 02:25:11 -0500 (master branch) (Win32, Release)'),(1,1386869486,1801,1,'TrinityCore rev. e60318302be0+ 2013-12-08 02:25:11 -0500 (master branch) (Win32, Release)'),(1,1386871867,184201,3,'TrinityCore rev. e60318302be0+ 2013-12-08 02:25:11 -0500 (master branch) (Win32, Release)'),(1,1387056675,0,0,'TrinityCore rev. e60318302be0+ 2013-12-08 02:25:11 -0500 (master branch) (Win32, Release)'),(1,1387057192,130801,2,'TrinityCore rev. e60318302be0+ 2013-12-08 02:25:11 -0500 (master branch) (Win32, Release)'),(1,1387188259,0,0,'TrinityCore rev. e60318302be0+ 2013-12-08 02:25:11 -0500 (master branch) (Win32, Release)'),(1,1387188320,0,0,'TrinityCore rev. e60318302be0+ 2013-12-08 02:25:11 -0500 (master branch) (Win32, Release)'),(1,1387188379,0,0,'TrinityCore rev. e60318302be0+ 2013-12-08 02:25:11 -0500 (master branch) (Win32, Release)'),(1,1387188440,0,0,'TrinityCore rev. e60318302be0+ 2013-12-08 02:25:11 -0500 (master branch) (Win32, Release)'),(1,1387188500,0,0,'TrinityCore rev. e60318302be0+ 2013-12-08 02:25:11 -0500 (master branch) (Win32, Release)'),(1,1387188562,0,0,'TrinityCore rev. e60318302be0+ 2013-12-08 02:25:11 -0500 (master branch) (Win32, Release)'),(1,1387188622,0,0,'TrinityCore rev. e60318302be0+ 2013-12-08 02:25:11 -0500 (master branch) (Win32, Release)'),(1,1387188683,0,0,'TrinityCore rev. e60318302be0+ 2013-12-08 02:25:11 -0500 (master branch) (Win32, Release)'),(1,1387188743,0,0,'TrinityCore rev. e60318302be0+ 2013-12-08 02:25:11 -0500 (master branch) (Win32, Release)'),(1,1387188804,0,0,'TrinityCore rev. e60318302be0+ 2013-12-08 02:25:11 -0500 (master branch) (Win32, Release)'),(1,1387188864,0,0,'TrinityCore rev. e60318302be0+ 2013-12-08 02:25:11 -0500 (master branch) (Win32, Release)'),(1,1387188925,0,0,'TrinityCore rev. e60318302be0+ 2013-12-08 02:25:11 -0500 (master branch) (Win32, Release)'),(1,1387188986,0,0,'TrinityCore rev. e60318302be0+ 2013-12-08 02:25:11 -0500 (master branch) (Win32, Release)'),(1,1387189046,0,0,'TrinityCore rev. e60318302be0+ 2013-12-08 02:25:11 -0500 (master branch) (Win32, Release)'),(1,1387189106,0,0,'TrinityCore rev. e60318302be0+ 2013-12-08 02:25:11 -0500 (master branch) (Win32, Release)'),(1,1387189167,0,0,'TrinityCore rev. e60318302be0+ 2013-12-08 02:25:11 -0500 (master branch) (Win32, Release)'),(1,1387189227,0,0,'TrinityCore rev. e60318302be0+ 2013-12-08 02:25:11 -0500 (master branch) (Win32, Release)'),(1,1387189287,0,0,'TrinityCore rev. e60318302be0+ 2013-12-08 02:25:11 -0500 (master branch) (Win32, Release)'),(1,1387189348,0,0,'TrinityCore rev. e60318302be0+ 2013-12-08 02:25:11 -0500 (master branch) (Win32, Release)'),(1,1387189409,0,0,'TrinityCore rev. e60318302be0+ 2013-12-08 02:25:11 -0500 (master branch) (Win32, Release)'),(1,1387189470,0,0,'TrinityCore rev. e60318302be0+ 2013-12-08 02:25:11 -0500 (master branch) (Win32, Release)'),(1,1387189531,0,0,'TrinityCore rev. e60318302be0+ 2013-12-08 02:25:11 -0500 (master branch) (Win32, Release)'),(1,1387189592,0,0,'TrinityCore rev. e60318302be0+ 2013-12-08 02:25:11 -0500 (master branch) (Win32, Release)'),(1,1387189652,0,0,'TrinityCore rev. e60318302be0+ 2013-12-08 02:25:11 -0500 (master branch) (Win32, Release)'),(1,1387189712,0,0,'TrinityCore rev. e60318302be0+ 2013-12-08 02:25:11 -0500 (master branch) (Win32, Release)'),(1,1387189773,0,0,'TrinityCore rev. e60318302be0+ 2013-12-08 02:25:11 -0500 (master branch) (Win32, Release)'),(1,1387189833,0,0,'TrinityCore rev. e60318302be0+ 2013-12-08 02:25:11 -0500 (master branch) (Win32, Release)'),(1,1387189894,0,0,'TrinityCore rev. e60318302be0+ 2013-12-08 02:25:11 -0500 (master branch) (Win32, Release)'),(1,1387189955,0,0,'TrinityCore rev. e60318302be0+ 2013-12-08 02:25:11 -0500 (master branch) (Win32, Release)'),(1,1387190015,0,0,'TrinityCore rev. e60318302be0+ 2013-12-08 02:25:11 -0500 (master branch) (Win32, Release)'),(1,1387190076,0,0,'TrinityCore rev. e60318302be0+ 2013-12-08 02:25:11 -0500 (master branch) (Win32, Release)'),(1,1387190137,0,0,'TrinityCore rev. e60318302be0+ 2013-12-08 02:25:11 -0500 (master branch) (Win32, Release)'),(1,1387190198,0,0,'TrinityCore rev. e60318302be0+ 2013-12-08 02:25:11 -0500 (master branch) (Win32, Release)'),(1,1387190259,0,0,'TrinityCore rev. e60318302be0+ 2013-12-08 02:25:11 -0500 (master branch) (Win32, Release)'),(1,1387190320,0,0,'TrinityCore rev. e60318302be0+ 2013-12-08 02:25:11 -0500 (master branch) (Win32, Release)'),(1,1387190380,0,0,'TrinityCore rev. e60318302be0+ 2013-12-08 02:25:11 -0500 (master branch) (Win32, Release)'),(1,1387190441,0,0,'TrinityCore rev. e60318302be0+ 2013-12-08 02:25:11 -0500 (master branch) (Win32, Release)'),(1,1387190501,0,0,'TrinityCore rev. e60318302be0+ 2013-12-08 02:25:11 -0500 (master branch) (Win32, Release)'),(1,1387190561,0,0,'TrinityCore rev. e60318302be0+ 2013-12-08 02:25:11 -0500 (master branch) (Win32, Release)'),(1,1387190622,0,0,'TrinityCore rev. e60318302be0+ 2013-12-08 02:25:11 -0500 (master branch) (Win32, Release)'),(1,1387190683,0,0,'TrinityCore rev. e60318302be0+ 2013-12-08 02:25:11 -0500 (master branch) (Win32, Release)'),(1,1387190743,0,0,'TrinityCore rev. e60318302be0+ 2013-12-08 02:25:11 -0500 (master branch) (Win32, Release)'),(1,1387190803,0,0,'TrinityCore rev. e60318302be0+ 2013-12-08 02:25:11 -0500 (master branch) (Win32, Release)'),(1,1387190865,0,0,'TrinityCore rev. e60318302be0+ 2013-12-08 02:25:11 -0500 (master branch) (Win32, Release)'),(1,1387190925,0,0,'TrinityCore rev. e60318302be0+ 2013-12-08 02:25:11 -0500 (master branch) (Win32, Release)'),(1,1387190986,0,0,'TrinityCore rev. e60318302be0+ 2013-12-08 02:25:11 -0500 (master branch) (Win32, Release)'),(1,1387191047,0,0,'TrinityCore rev. e60318302be0+ 2013-12-08 02:25:11 -0500 (master branch) (Win32, Release)'),(1,1387191107,0,0,'TrinityCore rev. e60318302be0+ 2013-12-08 02:25:11 -0500 (master branch) (Win32, Release)'),(1,1387191168,0,0,'TrinityCore rev. e60318302be0+ 2013-12-08 02:25:11 -0500 (master branch) (Win32, Release)'),(1,1387191229,0,0,'TrinityCore rev. e60318302be0+ 2013-12-08 02:25:11 -0500 (master branch) (Win32, Release)'),(1,1387191289,0,0,'TrinityCore rev. e60318302be0+ 2013-12-08 02:25:11 -0500 (master branch) (Win32, Release)'),(1,1387191350,0,0,'TrinityCore rev. e60318302be0+ 2013-12-08 02:25:11 -0500 (master branch) (Win32, Release)'),(1,1387191410,0,0,'TrinityCore rev. e60318302be0+ 2013-12-08 02:25:11 -0500 (master branch) (Win32, Release)'),(1,1387191470,0,0,'TrinityCore rev. e60318302be0+ 2013-12-08 02:25:11 -0500 (master branch) (Win32, Release)'),(1,1387191531,0,0,'TrinityCore rev. e60318302be0+ 2013-12-08 02:25:11 -0500 (master branch) (Win32, Release)'),(1,1387191592,0,0,'TrinityCore rev. e60318302be0+ 2013-12-08 02:25:11 -0500 (master branch) (Win32, Release)'),(1,1387191652,0,0,'TrinityCore rev. e60318302be0+ 2013-12-08 02:25:11 -0500 (master branch) (Win32, Release)'),(1,1387191713,0,0,'TrinityCore rev. e60318302be0+ 2013-12-08 02:25:11 -0500 (master branch) (Win32, Release)'),(1,1387191773,0,0,'TrinityCore rev. e60318302be0+ 2013-12-08 02:25:11 -0500 (master branch) (Win32, Release)'),(1,1387191834,0,0,'TrinityCore rev. e60318302be0+ 2013-12-08 02:25:11 -0500 (master branch) (Win32, Release)'),(1,1387191895,0,0,'TrinityCore rev. e60318302be0+ 2013-12-08 02:25:11 -0500 (master branch) (Win32, Release)'),(1,1387191955,0,0,'TrinityCore rev. e60318302be0+ 2013-12-08 02:25:11 -0500 (master branch) (Win32, Release)'),(1,1387192016,0,0,'TrinityCore rev. e60318302be0+ 2013-12-08 02:25:11 -0500 (master branch) (Win32, Release)'),(1,1387192076,0,0,'TrinityCore rev. e60318302be0+ 2013-12-08 02:25:11 -0500 (master branch) (Win32, Release)'),(1,1387192137,0,0,'TrinityCore rev. e60318302be0+ 2013-12-08 02:25:11 -0500 (master branch) (Win32, Release)'),(1,1387192198,0,0,'TrinityCore rev. e60318302be0+ 2013-12-08 02:25:11 -0500 (master branch) (Win32, Release)'),(1,1387192258,0,0,'TrinityCore rev. e60318302be0+ 2013-12-08 02:25:11 -0500 (master branch) (Win32, Release)'),(1,1387192318,0,0,'TrinityCore rev. e60318302be0+ 2013-12-08 02:25:11 -0500 (master branch) (Win32, Release)'),(1,1387192379,0,0,'TrinityCore rev. e60318302be0+ 2013-12-08 02:25:11 -0500 (master branch) (Win32, Release)'),(1,1387192439,0,0,'TrinityCore rev. e60318302be0+ 2013-12-08 02:25:11 -0500 (master branch) (Win32, Release)'),(1,1387192500,0,0,'TrinityCore rev. e60318302be0+ 2013-12-08 02:25:11 -0500 (master branch) (Win32, Release)'),(1,1387192561,0,0,'TrinityCore rev. e60318302be0+ 2013-12-08 02:25:11 -0500 (master branch) (Win32, Release)'),(1,1387192622,0,0,'TrinityCore rev. e60318302be0+ 2013-12-08 02:25:11 -0500 (master branch) (Win32, Release)'),(1,1387192683,0,0,'TrinityCore rev. e60318302be0+ 2013-12-08 02:25:11 -0500 (master branch) (Win32, Release)'),(1,1387192743,0,0,'TrinityCore rev. e60318302be0+ 2013-12-08 02:25:11 -0500 (master branch) (Win32, Release)'),(1,1387192803,0,0,'TrinityCore rev. e60318302be0+ 2013-12-08 02:25:11 -0500 (master branch) (Win32, Release)'),(1,1387192864,0,0,'TrinityCore rev. e60318302be0+ 2013-12-08 02:25:11 -0500 (master branch) (Win32, Release)'),(1,1387192925,0,0,'TrinityCore rev. e60318302be0+ 2013-12-08 02:25:11 -0500 (master branch) (Win32, Release)'),(1,1387192985,0,0,'TrinityCore rev. e60318302be0+ 2013-12-08 02:25:11 -0500 (master branch) (Win32, Release)'),(1,1387193046,0,0,'TrinityCore rev. e60318302be0+ 2013-12-08 02:25:11 -0500 (master branch) (Win32, Release)'),(1,1387193107,0,0,'TrinityCore rev. e60318302be0+ 2013-12-08 02:25:11 -0500 (master branch) (Win32, Release)'),(1,1387193168,0,0,'TrinityCore rev. e60318302be0+ 2013-12-08 02:25:11 -0500 (master branch) (Win32, Release)'),(1,1387193228,0,0,'TrinityCore rev. e60318302be0+ 2013-12-08 02:25:11 -0500 (master branch) (Win32, Release)'),(1,1387193288,0,0,'TrinityCore rev. e60318302be0+ 2013-12-08 02:25:11 -0500 (master branch) (Win32, Release)'),(1,1387193349,0,0,'TrinityCore rev. e60318302be0+ 2013-12-08 02:25:11 -0500 (master branch) (Win32, Release)'),(1,1387193410,0,0,'TrinityCore rev. e60318302be0+ 2013-12-08 02:25:11 -0500 (master branch) (Win32, Release)'),(1,1387193472,0,0,'TrinityCore rev. e60318302be0+ 2013-12-08 02:25:11 -0500 (master branch) (Win32, Release)'),(1,1387193532,0,0,'TrinityCore rev. e60318302be0+ 2013-12-08 02:25:11 -0500 (master branch) (Win32, Release)'),(1,1387193592,0,0,'TrinityCore rev. e60318302be0+ 2013-12-08 02:25:11 -0500 (master branch) (Win32, Release)'),(1,1387193653,0,0,'TrinityCore rev. e60318302be0+ 2013-12-08 02:25:11 -0500 (master branch) (Win32, Release)'),(1,1387193714,0,0,'TrinityCore rev. e60318302be0+ 2013-12-08 02:25:11 -0500 (master branch) (Win32, Release)'),(1,1387193774,0,0,'TrinityCore rev. e60318302be0+ 2013-12-08 02:25:11 -0500 (master branch) (Win32, Release)'),(1,1387193835,0,0,'TrinityCore rev. e60318302be0+ 2013-12-08 02:25:11 -0500 (master branch) (Win32, Release)'),(1,1387193895,0,0,'TrinityCore rev. e60318302be0+ 2013-12-08 02:25:11 -0500 (master branch) (Win32, Release)'),(1,1387193956,0,0,'TrinityCore rev. e60318302be0+ 2013-12-08 02:25:11 -0500 (master branch) (Win32, Release)'),(1,1387194016,0,0,'TrinityCore rev. e60318302be0+ 2013-12-08 02:25:11 -0500 (master branch) (Win32, Release)'),(1,1387194077,0,0,'TrinityCore rev. e60318302be0+ 2013-12-08 02:25:11 -0500 (master branch) (Win32, Release)'),(1,1387194138,0,0,'TrinityCore rev. e60318302be0+ 2013-12-08 02:25:11 -0500 (master branch) (Win32, Release)'),(1,1387194198,0,0,'TrinityCore rev. e60318302be0+ 2013-12-08 02:25:11 -0500 (master branch) (Win32, Release)'),(1,1387194259,0,0,'TrinityCore rev. e60318302be0+ 2013-12-08 02:25:11 -0500 (master branch) (Win32, Release)'),(1,1387194320,0,0,'TrinityCore rev. e60318302be0+ 2013-12-08 02:25:11 -0500 (master branch) (Win32, Release)'),(1,1387194380,0,0,'TrinityCore rev. e60318302be0+ 2013-12-08 02:25:11 -0500 (master branch) (Win32, Release)'),(1,1387194441,0,0,'TrinityCore rev. e60318302be0+ 2013-12-08 02:25:11 -0500 (master branch) (Win32, Release)'),(1,1387194501,0,0,'TrinityCore rev. e60318302be0+ 2013-12-08 02:25:11 -0500 (master branch) (Win32, Release)'),(1,1387194562,0,0,'TrinityCore rev. e60318302be0+ 2013-12-08 02:25:11 -0500 (master branch) (Win32, Release)'),(1,1387194622,0,0,'TrinityCore rev. e60318302be0+ 2013-12-08 02:25:11 -0500 (master branch) (Win32, Release)'),(1,1387194683,0,0,'TrinityCore rev. e60318302be0+ 2013-12-08 02:25:11 -0500 (master branch) (Win32, Release)'),(1,1387194743,0,0,'TrinityCore rev. e60318302be0+ 2013-12-08 02:25:11 -0500 (master branch) (Win32, Release)'),(1,1387194804,0,0,'TrinityCore rev. e60318302be0+ 2013-12-08 02:25:11 -0500 (master branch) (Win32, Release)'),(1,1387194864,0,0,'TrinityCore rev. e60318302be0+ 2013-12-08 02:25:11 -0500 (master branch) (Win32, Release)'),(1,1387194925,0,0,'TrinityCore rev. e60318302be0+ 2013-12-08 02:25:11 -0500 (master branch) (Win32, Release)'),(1,1387194985,0,0,'TrinityCore rev. e60318302be0+ 2013-12-08 02:25:11 -0500 (master branch) (Win32, Release)'),(1,1387195046,0,0,'TrinityCore rev. e60318302be0+ 2013-12-08 02:25:11 -0500 (master branch) (Win32, Release)'),(1,1387195107,0,0,'TrinityCore rev. e60318302be0+ 2013-12-08 02:25:11 -0500 (master branch) (Win32, Release)'),(1,1387195167,0,0,'TrinityCore rev. e60318302be0+ 2013-12-08 02:25:11 -0500 (master branch) (Win32, Release)'),(1,1387195228,0,0,'TrinityCore rev. e60318302be0+ 2013-12-08 02:25:11 -0500 (master branch) (Win32, Release)'),(1,1387195288,0,0,'TrinityCore rev. e60318302be0+ 2013-12-08 02:25:11 -0500 (master branch) (Win32, Release)'),(1,1387195349,0,0,'TrinityCore rev. e60318302be0+ 2013-12-08 02:25:11 -0500 (master branch) (Win32, Release)'),(1,1387195409,0,0,'TrinityCore rev. e60318302be0+ 2013-12-08 02:25:11 -0500 (master branch) (Win32, Release)'),(1,1387195470,0,0,'TrinityCore rev. e60318302be0+ 2013-12-08 02:25:11 -0500 (master branch) (Win32, Release)'),(1,1387195531,0,0,'TrinityCore rev. e60318302be0+ 2013-12-08 02:25:11 -0500 (master branch) (Win32, Release)'),(1,1387195591,0,0,'TrinityCore rev. e60318302be0+ 2013-12-08 02:25:11 -0500 (master branch) (Win32, Release)'),(1,1387195651,0,0,'TrinityCore rev. e60318302be0+ 2013-12-08 02:25:11 -0500 (master branch) (Win32, Release)'),(1,1387195712,0,0,'TrinityCore rev. e60318302be0+ 2013-12-08 02:25:11 -0500 (master branch) (Win32, Release)'),(1,1387195773,0,0,'TrinityCore rev. e60318302be0+ 2013-12-08 02:25:11 -0500 (master branch) (Win32, Release)'),(1,1387195834,0,0,'TrinityCore rev. e60318302be0+ 2013-12-08 02:25:11 -0500 (master branch) (Win32, Release)'),(1,1387195895,0,0,'TrinityCore rev. e60318302be0+ 2013-12-08 02:25:11 -0500 (master branch) (Win32, Release)'),(1,1387195956,0,0,'TrinityCore rev. e60318302be0+ 2013-12-08 02:25:11 -0500 (master branch) (Win32, Release)'),(1,1387196016,0,0,'TrinityCore rev. e60318302be0+ 2013-12-08 02:25:11 -0500 (master branch) (Win32, Release)'),(1,1387196077,0,0,'TrinityCore rev. e60318302be0+ 2013-12-08 02:25:11 -0500 (master branch) (Win32, Release)'),(1,1387196137,0,0,'TrinityCore rev. e60318302be0+ 2013-12-08 02:25:11 -0500 (master branch) (Win32, Release)'),(1,1387196198,0,0,'TrinityCore rev. e60318302be0+ 2013-12-08 02:25:11 -0500 (master branch) (Win32, Release)'),(1,1387196259,0,0,'TrinityCore rev. e60318302be0+ 2013-12-08 02:25:11 -0500 (master branch) (Win32, Release)'),(1,1387196319,0,0,'TrinityCore rev. e60318302be0+ 2013-12-08 02:25:11 -0500 (master branch) (Win32, Release)'),(1,1387196380,0,0,'TrinityCore rev. e60318302be0+ 2013-12-08 02:25:11 -0500 (master branch) (Win32, Release)'),(1,1387196441,0,0,'TrinityCore rev. e60318302be0+ 2013-12-08 02:25:11 -0500 (master branch) (Win32, Release)'),(1,1387196501,0,0,'TrinityCore rev. e60318302be0+ 2013-12-08 02:25:11 -0500 (master branch) (Win32, Release)'),(1,1387196562,0,0,'TrinityCore rev. e60318302be0+ 2013-12-08 02:25:11 -0500 (master branch) (Win32, Release)'),(1,1387196623,0,0,'TrinityCore rev. e60318302be0+ 2013-12-08 02:25:11 -0500 (master branch) (Win32, Release)'),(1,1387196685,0,0,'TrinityCore rev. e60318302be0+ 2013-12-08 02:25:11 -0500 (master branch) (Win32, Release)'),(1,1387196746,0,0,'TrinityCore rev. e60318302be0+ 2013-12-08 02:25:11 -0500 (master branch) (Win32, Release)'),(1,1387196806,0,0,'TrinityCore rev. e60318302be0+ 2013-12-08 02:25:11 -0500 (master branch) (Win32, Release)'),(1,1387196867,0,0,'TrinityCore rev. e60318302be0+ 2013-12-08 02:25:11 -0500 (master branch) (Win32, Release)'),(1,1387196927,0,0,'TrinityCore rev. e60318302be0+ 2013-12-08 02:25:11 -0500 (master branch) (Win32, Release)'),(1,1387196988,0,0,'TrinityCore rev. e60318302be0+ 2013-12-08 02:25:11 -0500 (master branch) (Win32, Release)'),(1,1387197049,0,0,'TrinityCore rev. e60318302be0+ 2013-12-08 02:25:11 -0500 (master branch) (Win32, Release)'),(1,1387197109,0,0,'TrinityCore rev. e60318302be0+ 2013-12-08 02:25:11 -0500 (master branch) (Win32, Release)'),(1,1387197170,0,0,'TrinityCore rev. e60318302be0+ 2013-12-08 02:25:11 -0500 (master branch) (Win32, Release)'),(1,1387197230,0,0,'TrinityCore rev. e60318302be0+ 2013-12-08 02:25:11 -0500 (master branch) (Win32, Release)'),(1,1387197291,0,0,'TrinityCore rev. e60318302be0+ 2013-12-08 02:25:11 -0500 (master branch) (Win32, Release)'),(1,1387197351,0,0,'TrinityCore rev. e60318302be0+ 2013-12-08 02:25:11 -0500 (master branch) (Win32, Release)'),(1,1387197413,0,0,'TrinityCore rev. e60318302be0+ 2013-12-08 02:25:11 -0500 (master branch) (Win32, Release)'),(1,1387197474,0,0,'TrinityCore rev. e60318302be0+ 2013-12-08 02:25:11 -0500 (master branch) (Win32, Release)'),(1,1387197535,0,0,'TrinityCore rev. e60318302be0+ 2013-12-08 02:25:11 -0500 (master branch) (Win32, Release)'),(1,1387197595,0,0,'TrinityCore rev. e60318302be0+ 2013-12-08 02:25:11 -0500 (master branch) (Win32, Release)'),(1,1387197656,0,0,'TrinityCore rev. e60318302be0+ 2013-12-08 02:25:11 -0500 (master branch) (Win32, Release)'),(1,1387197716,0,0,'TrinityCore rev. e60318302be0+ 2013-12-08 02:25:11 -0500 (master branch) (Win32, Release)'),(1,1387197777,0,0,'TrinityCore rev. e60318302be0+ 2013-12-08 02:25:11 -0500 (master branch) (Win32, Release)'),(1,1387197838,0,0,'TrinityCore rev. e60318302be0+ 2013-12-08 02:25:11 -0500 (master branch) (Win32, Release)'),(1,1387197898,0,0,'TrinityCore rev. e60318302be0+ 2013-12-08 02:25:11 -0500 (master branch) (Win32, Release)'),(1,1387197959,0,0,'TrinityCore rev. e60318302be0+ 2013-12-08 02:25:11 -0500 (master branch) (Win32, Release)'),(1,1387198019,0,0,'TrinityCore rev. e60318302be0+ 2013-12-08 02:25:11 -0500 (master branch) (Win32, Release)'),(1,1387198080,0,0,'TrinityCore rev. e60318302be0+ 2013-12-08 02:25:11 -0500 (master branch) (Win32, Release)'),(1,1387198141,0,0,'TrinityCore rev. e60318302be0+ 2013-12-08 02:25:11 -0500 (master branch) (Win32, Release)'),(1,1387198202,0,0,'TrinityCore rev. e60318302be0+ 2013-12-08 02:25:11 -0500 (master branch) (Win32, Release)'),(1,1387198262,0,0,'TrinityCore rev. e60318302be0+ 2013-12-08 02:25:11 -0500 (master branch) (Win32, Release)'),(1,1387198323,0,0,'TrinityCore rev. e60318302be0+ 2013-12-08 02:25:11 -0500 (master branch) (Win32, Release)'),(1,1387198384,0,0,'TrinityCore rev. e60318302be0+ 2013-12-08 02:25:11 -0500 (master branch) (Win32, Release)'),(1,1387198444,0,0,'TrinityCore rev. e60318302be0+ 2013-12-08 02:25:11 -0500 (master branch) (Win32, Release)'),(1,1387198505,0,0,'TrinityCore rev. e60318302be0+ 2013-12-08 02:25:11 -0500 (master branch) (Win32, Release)'),(1,1387198566,0,0,'TrinityCore rev. e60318302be0+ 2013-12-08 02:25:11 -0500 (master branch) (Win32, Release)'),(1,1387198626,0,0,'TrinityCore rev. e60318302be0+ 2013-12-08 02:25:11 -0500 (master branch) (Win32, Release)'),(1,1387198687,0,0,'TrinityCore rev. e60318302be0+ 2013-12-08 02:25:11 -0500 (master branch) (Win32, Release)'),(1,1387198747,0,0,'TrinityCore rev. e60318302be0+ 2013-12-08 02:25:11 -0500 (master branch) (Win32, Release)'),(1,1387198808,0,0,'TrinityCore rev. e60318302be0+ 2013-12-08 02:25:11 -0500 (master branch) (Win32, Release)'),(1,1387198869,0,0,'TrinityCore rev. e60318302be0+ 2013-12-08 02:25:11 -0500 (master branch) (Win32, Release)'),(1,1387198930,0,0,'TrinityCore rev. e60318302be0+ 2013-12-08 02:25:11 -0500 (master branch) (Win32, Release)'),(1,1387198991,0,0,'TrinityCore rev. e60318302be0+ 2013-12-08 02:25:11 -0500 (master branch) (Win32, Release)'),(1,1387199052,0,0,'TrinityCore rev. e60318302be0+ 2013-12-08 02:25:11 -0500 (master branch) (Win32, Release)'),(1,1387199113,0,0,'TrinityCore rev. e60318302be0+ 2013-12-08 02:25:11 -0500 (master branch) (Win32, Release)'),(1,1387199173,0,0,'TrinityCore rev. e60318302be0+ 2013-12-08 02:25:11 -0500 (master branch) (Win32, Release)'),(1,1387199234,0,0,'TrinityCore rev. e60318302be0+ 2013-12-08 02:25:11 -0500 (master branch) (Win32, Release)'),(1,1387199295,0,0,'TrinityCore rev. e60318302be0+ 2013-12-08 02:25:11 -0500 (master branch) (Win32, Release)'),(1,1387199356,0,0,'TrinityCore rev. e60318302be0+ 2013-12-08 02:25:11 -0500 (master branch) (Win32, Release)'),(1,1387199417,0,0,'TrinityCore rev. e60318302be0+ 2013-12-08 02:25:11 -0500 (master branch) (Win32, Release)'),(1,1387199478,0,0,'TrinityCore rev. e60318302be0+ 2013-12-08 02:25:11 -0500 (master branch) (Win32, Release)'),(1,1387199539,0,0,'TrinityCore rev. e60318302be0+ 2013-12-08 02:25:11 -0500 (master branch) (Win32, Release)'),(1,1387199600,0,0,'TrinityCore rev. e60318302be0+ 2013-12-08 02:25:11 -0500 (master branch) (Win32, Release)'),(1,1387199661,0,0,'TrinityCore rev. e60318302be0+ 2013-12-08 02:25:11 -0500 (master branch) (Win32, Release)'),(1,1387199723,0,0,'TrinityCore rev. e60318302be0+ 2013-12-08 02:25:11 -0500 (master branch) (Win32, Release)'),(1,1387199784,0,0,'TrinityCore rev. e60318302be0+ 2013-12-08 02:25:11 -0500 (master branch) (Win32, Release)'),(1,1387199845,0,0,'TrinityCore rev. e60318302be0+ 2013-12-08 02:25:11 -0500 (master branch) (Win32, Release)'),(1,1387199906,0,0,'TrinityCore rev. e60318302be0+ 2013-12-08 02:25:11 -0500 (master branch) (Win32, Release)'),(1,1387199968,0,0,'TrinityCore rev. e60318302be0+ 2013-12-08 02:25:11 -0500 (master branch) (Win32, Release)'),(1,1387200028,0,0,'TrinityCore rev. e60318302be0+ 2013-12-08 02:25:11 -0500 (master branch) (Win32, Release)'),(1,1387200089,0,0,'TrinityCore rev. e60318302be0+ 2013-12-08 02:25:11 -0500 (master branch) (Win32, Release)'),(1,1387200150,0,0,'TrinityCore rev. e60318302be0+ 2013-12-08 02:25:11 -0500 (master branch) (Win32, Release)'),(1,1387200211,0,0,'TrinityCore rev. e60318302be0+ 2013-12-08 02:25:11 -0500 (master branch) (Win32, Release)'),(1,1387200271,0,0,'TrinityCore rev. e60318302be0+ 2013-12-08 02:25:11 -0500 (master branch) (Win32, Release)'),(1,1387200332,0,0,'TrinityCore rev. e60318302be0+ 2013-12-08 02:25:11 -0500 (master branch) (Win32, Release)'),(1,1387200393,0,0,'TrinityCore rev. e60318302be0+ 2013-12-08 02:25:11 -0500 (master branch) (Win32, Release)'),(1,1387200454,0,0,'TrinityCore rev. e60318302be0+ 2013-12-08 02:25:11 -0500 (master branch) (Win32, Release)'),(1,1387200515,0,0,'TrinityCore rev. e60318302be0+ 2013-12-08 02:25:11 -0500 (master branch) (Win32, Release)'),(1,1387200575,0,0,'TrinityCore rev. e60318302be0+ 2013-12-08 02:25:11 -0500 (master branch) (Win32, Release)'),(1,1387200636,0,0,'TrinityCore rev. e60318302be0+ 2013-12-08 02:25:11 -0500 (master branch) (Win32, Release)'),(1,1387200696,0,0,'TrinityCore rev. e60318302be0+ 2013-12-08 02:25:11 -0500 (master branch) (Win32, Release)'),(1,1387200756,0,0,'TrinityCore rev. e60318302be0+ 2013-12-08 02:25:11 -0500 (master branch) (Win32, Release)'),(1,1387200818,0,0,'TrinityCore rev. e60318302be0+ 2013-12-08 02:25:11 -0500 (master branch) (Win32, Release)'),(1,1387200880,0,0,'TrinityCore rev. e60318302be0+ 2013-12-08 02:25:11 -0500 (master branch) (Win32, Release)'),(1,1387200940,0,0,'TrinityCore rev. e60318302be0+ 2013-12-08 02:25:11 -0500 (master branch) (Win32, Release)'),(1,1387201001,0,0,'TrinityCore rev. e60318302be0+ 2013-12-08 02:25:11 -0500 (master branch) (Win32, Release)'),(1,1387201062,0,0,'TrinityCore rev. e60318302be0+ 2013-12-08 02:25:11 -0500 (master branch) (Win32, Release)'),(1,1387201123,0,0,'TrinityCore rev. e60318302be0+ 2013-12-08 02:25:11 -0500 (master branch) (Win32, Release)'),(1,1387201183,0,0,'TrinityCore rev. e60318302be0+ 2013-12-08 02:25:11 -0500 (master branch) (Win32, Release)'),(1,1387201243,0,0,'TrinityCore rev. e60318302be0+ 2013-12-08 02:25:11 -0500 (master branch) (Win32, Release)'),(1,1387201304,0,0,'TrinityCore rev. e60318302be0+ 2013-12-08 02:25:11 -0500 (master branch) (Win32, Release)'),(1,1387201365,0,0,'TrinityCore rev. e60318302be0+ 2013-12-08 02:25:11 -0500 (master branch) (Win32, Release)'),(1,1387201425,0,0,'TrinityCore rev. e60318302be0+ 2013-12-08 02:25:11 -0500 (master branch) (Win32, Release)'),(1,1387201487,0,0,'TrinityCore rev. e60318302be0+ 2013-12-08 02:25:11 -0500 (master branch) (Win32, Release)'),(1,1387201546,0,0,'TrinityCore rev. e60318302be0+ 2013-12-08 02:25:11 -0500 (master branch) (Win32, Release)'),(1,1387201607,0,0,'TrinityCore rev. e60318302be0+ 2013-12-08 02:25:11 -0500 (master branch) (Win32, Release)'),(1,1387201668,0,0,'TrinityCore rev. e60318302be0+ 2013-12-08 02:25:11 -0500 (master branch) (Win32, Release)'),(1,1387201730,0,0,'TrinityCore rev. e60318302be0+ 2013-12-08 02:25:11 -0500 (master branch) (Win32, Release)'),(1,1387201791,0,0,'TrinityCore rev. e60318302be0+ 2013-12-08 02:25:11 -0500 (master branch) (Win32, Release)'),(1,1387201851,0,0,'TrinityCore rev. e60318302be0+ 2013-12-08 02:25:11 -0500 (master branch) (Win32, Release)'),(1,1387201912,0,0,'TrinityCore rev. e60318302be0+ 2013-12-08 02:25:11 -0500 (master branch) (Win32, Release)'),(1,1387201973,0,0,'TrinityCore rev. e60318302be0+ 2013-12-08 02:25:11 -0500 (master branch) (Win32, Release)'),(1,1387202033,0,0,'TrinityCore rev. e60318302be0+ 2013-12-08 02:25:11 -0500 (master branch) (Win32, Release)'),(1,1387202094,0,0,'TrinityCore rev. e60318302be0+ 2013-12-08 02:25:11 -0500 (master branch) (Win32, Release)'),(1,1387202154,0,0,'TrinityCore rev. e60318302be0+ 2013-12-08 02:25:11 -0500 (master branch) (Win32, Release)'),(1,1387202215,0,0,'TrinityCore rev. e60318302be0+ 2013-12-08 02:25:11 -0500 (master branch) (Win32, Release)'),(1,1387202276,0,0,'TrinityCore rev. e60318302be0+ 2013-12-08 02:25:11 -0500 (master branch) (Win32, Release)'),(1,1387202337,0,0,'TrinityCore rev. e60318302be0+ 2013-12-08 02:25:11 -0500 (master branch) (Win32, Release)'),(1,1387202397,0,0,'TrinityCore rev. e60318302be0+ 2013-12-08 02:25:11 -0500 (master branch) (Win32, Release)'),(1,1387202460,0,0,'TrinityCore rev. e60318302be0+ 2013-12-08 02:25:11 -0500 (master branch) (Win32, Release)'),(1,1387202523,0,0,'TrinityCore rev. e60318302be0+ 2013-12-08 02:25:11 -0500 (master branch) (Win32, Release)'),(1,1387202583,0,0,'TrinityCore rev. e60318302be0+ 2013-12-08 02:25:11 -0500 (master branch) (Win32, Release)'),(1,1387202642,0,0,'TrinityCore rev. e60318302be0+ 2013-12-08 02:25:11 -0500 (master branch) (Win32, Release)'),(1,1387202704,0,0,'TrinityCore rev. e60318302be0+ 2013-12-08 02:25:11 -0500 (master branch) (Win32, Release)'),(1,1387202764,0,0,'TrinityCore rev. e60318302be0+ 2013-12-08 02:25:11 -0500 (master branch) (Win32, Release)'),(1,1387202824,0,0,'TrinityCore rev. e60318302be0+ 2013-12-08 02:25:11 -0500 (master branch) (Win32, Release)'),(1,1387202884,0,0,'TrinityCore rev. e60318302be0+ 2013-12-08 02:25:11 -0500 (master branch) (Win32, Release)'),(1,1387202945,0,0,'TrinityCore rev. e60318302be0+ 2013-12-08 02:25:11 -0500 (master branch) (Win32, Release)'),(1,1387203005,0,0,'TrinityCore rev. e60318302be0+ 2013-12-08 02:25:11 -0500 (master branch) (Win32, Release)'),(1,1387203066,0,0,'TrinityCore rev. e60318302be0+ 2013-12-08 02:25:11 -0500 (master branch) (Win32, Release)'),(1,1387203127,0,0,'TrinityCore rev. e60318302be0+ 2013-12-08 02:25:11 -0500 (master branch) (Win32, Release)'),(1,1387203188,0,0,'TrinityCore rev. e60318302be0+ 2013-12-08 02:25:11 -0500 (master branch) (Win32, Release)'),(1,1387203248,0,0,'TrinityCore rev. e60318302be0+ 2013-12-08 02:25:11 -0500 (master branch) (Win32, Release)'),(1,1387203309,0,0,'TrinityCore rev. e60318302be0+ 2013-12-08 02:25:11 -0500 (master branch) (Win32, Release)'),(1,1387203370,0,0,'TrinityCore rev. e60318302be0+ 2013-12-08 02:25:11 -0500 (master branch) (Win32, Release)'),(1,1387203431,0,0,'TrinityCore rev. e60318302be0+ 2013-12-08 02:25:11 -0500 (master branch) (Win32, Release)'),(1,1387203491,0,0,'TrinityCore rev. e60318302be0+ 2013-12-08 02:25:11 -0500 (master branch) (Win32, Release)'),(1,1387203552,0,0,'TrinityCore rev. e60318302be0+ 2013-12-08 02:25:11 -0500 (master branch) (Win32, Release)'),(1,1387203612,0,0,'TrinityCore rev. e60318302be0+ 2013-12-08 02:25:11 -0500 (master branch) (Win32, Release)'),(1,1387203673,0,0,'TrinityCore rev. e60318302be0+ 2013-12-08 02:25:11 -0500 (master branch) (Win32, Release)'),(1,1387203733,0,0,'TrinityCore rev. e60318302be0+ 2013-12-08 02:25:11 -0500 (master branch) (Win32, Release)'),(1,1387203794,0,0,'TrinityCore rev. e60318302be0+ 2013-12-08 02:25:11 -0500 (master branch) (Win32, Release)'),(1,1387203855,0,0,'TrinityCore rev. e60318302be0+ 2013-12-08 02:25:11 -0500 (master branch) (Win32, Release)'),(1,1387203915,0,0,'TrinityCore rev. e60318302be0+ 2013-12-08 02:25:11 -0500 (master branch) (Win32, Release)'),(1,1387203976,0,0,'TrinityCore rev. e60318302be0+ 2013-12-08 02:25:11 -0500 (master branch) (Win32, Release)'),(1,1387204036,0,0,'TrinityCore rev. e60318302be0+ 2013-12-08 02:25:11 -0500 (master branch) (Win32, Release)'),(1,1387204097,0,0,'TrinityCore rev. e60318302be0+ 2013-12-08 02:25:11 -0500 (master branch) (Win32, Release)'),(1,1387204158,0,0,'TrinityCore rev. e60318302be0+ 2013-12-08 02:25:11 -0500 (master branch) (Win32, Release)'),(1,1387204219,0,0,'TrinityCore rev. e60318302be0+ 2013-12-08 02:25:11 -0500 (master branch) (Win32, Release)'),(1,1387204280,0,0,'TrinityCore rev. e60318302be0+ 2013-12-08 02:25:11 -0500 (master branch) (Win32, Release)'),(1,1387204341,0,0,'TrinityCore rev. e60318302be0+ 2013-12-08 02:25:11 -0500 (master branch) (Win32, Release)'),(1,1387204402,0,0,'TrinityCore rev. e60318302be0+ 2013-12-08 02:25:11 -0500 (master branch) (Win32, Release)'),(1,1387204462,0,0,'TrinityCore rev. e60318302be0+ 2013-12-08 02:25:11 -0500 (master branch) (Win32, Release)'),(1,1387204523,0,0,'TrinityCore rev. e60318302be0+ 2013-12-08 02:25:11 -0500 (master branch) (Win32, Release)'),(1,1387204584,0,0,'TrinityCore rev. e60318302be0+ 2013-12-08 02:25:11 -0500 (master branch) (Win32, Release)'),(1,1387204645,0,0,'TrinityCore rev. e60318302be0+ 2013-12-08 02:25:11 -0500 (master branch) (Win32, Release)'),(1,1387204706,0,0,'TrinityCore rev. e60318302be0+ 2013-12-08 02:25:11 -0500 (master branch) (Win32, Release)'),(1,1387204767,0,0,'TrinityCore rev. e60318302be0+ 2013-12-08 02:25:11 -0500 (master branch) (Win32, Release)'),(1,1387204827,0,0,'TrinityCore rev. e60318302be0+ 2013-12-08 02:25:11 -0500 (master branch) (Win32, Release)'),(1,1387204888,0,0,'TrinityCore rev. e60318302be0+ 2013-12-08 02:25:11 -0500 (master branch) (Win32, Release)'),(1,1387204948,0,0,'TrinityCore rev. e60318302be0+ 2013-12-08 02:25:11 -0500 (master branch) (Win32, Release)'),(1,1387205009,0,0,'TrinityCore rev. e60318302be0+ 2013-12-08 02:25:11 -0500 (master branch) (Win32, Release)'),(1,1387205070,0,0,'TrinityCore rev. e60318302be0+ 2013-12-08 02:25:11 -0500 (master branch) (Win32, Release)'),(1,1387205130,0,0,'TrinityCore rev. e60318302be0+ 2013-12-08 02:25:11 -0500 (master branch) (Win32, Release)'),(1,1387205191,0,0,'TrinityCore rev. e60318302be0+ 2013-12-08 02:25:11 -0500 (master branch) (Win32, Release)'),(1,1387205252,0,0,'TrinityCore rev. e60318302be0+ 2013-12-08 02:25:11 -0500 (master branch) (Win32, Release)'),(1,1387205312,0,0,'TrinityCore rev. e60318302be0+ 2013-12-08 02:25:11 -0500 (master branch) (Win32, Release)'),(1,1387205373,0,0,'TrinityCore rev. e60318302be0+ 2013-12-08 02:25:11 -0500 (master branch) (Win32, Release)'),(1,1387205434,0,0,'TrinityCore rev. e60318302be0+ 2013-12-08 02:25:11 -0500 (master branch) (Win32, Release)'),(1,1387205494,0,0,'TrinityCore rev. e60318302be0+ 2013-12-08 02:25:11 -0500 (master branch) (Win32, Release)'),(1,1387205555,0,0,'TrinityCore rev. e60318302be0+ 2013-12-08 02:25:11 -0500 (master branch) (Win32, Release)'),(1,1387205616,0,0,'TrinityCore rev. e60318302be0+ 2013-12-08 02:25:11 -0500 (master branch) (Win32, Release)'),(1,1387205676,0,0,'TrinityCore rev. e60318302be0+ 2013-12-08 02:25:11 -0500 (master branch) (Win32, Release)'),(1,1387205737,0,0,'TrinityCore rev. e60318302be0+ 2013-12-08 02:25:11 -0500 (master branch) (Win32, Release)'),(1,1387205798,0,0,'TrinityCore rev. e60318302be0+ 2013-12-08 02:25:11 -0500 (master branch) (Win32, Release)'),(1,1387205858,0,0,'TrinityCore rev. e60318302be0+ 2013-12-08 02:25:11 -0500 (master branch) (Win32, Release)'),(1,1387205919,0,0,'TrinityCore rev. e60318302be0+ 2013-12-08 02:25:11 -0500 (master branch) (Win32, Release)'),(1,1387205980,0,0,'TrinityCore rev. e60318302be0+ 2013-12-08 02:25:11 -0500 (master branch) (Win32, Release)'),(1,1387206040,0,0,'TrinityCore rev. e60318302be0+ 2013-12-08 02:25:11 -0500 (master branch) (Win32, Release)'),(1,1387206101,0,0,'TrinityCore rev. e60318302be0+ 2013-12-08 02:25:11 -0500 (master branch) (Win32, Release)'),(1,1387206162,0,0,'TrinityCore rev. e60318302be0+ 2013-12-08 02:25:11 -0500 (master branch) (Win32, Release)'),(1,1387206222,0,0,'TrinityCore rev. e60318302be0+ 2013-12-08 02:25:11 -0500 (master branch) (Win32, Release)'),(1,1387206283,0,0,'TrinityCore rev. e60318302be0+ 2013-12-08 02:25:11 -0500 (master branch) (Win32, Release)'),(1,1387206344,0,0,'TrinityCore rev. e60318302be0+ 2013-12-08 02:25:11 -0500 (master branch) (Win32, Release)'),(1,1387206404,0,0,'TrinityCore rev. e60318302be0+ 2013-12-08 02:25:11 -0500 (master branch) (Win32, Release)'),(1,1387206465,0,0,'TrinityCore rev. e60318302be0+ 2013-12-08 02:25:11 -0500 (master branch) (Win32, Release)'),(1,1387206525,0,0,'TrinityCore rev. e60318302be0+ 2013-12-08 02:25:11 -0500 (master branch) (Win32, Release)'),(1,1387206586,0,0,'TrinityCore rev. e60318302be0+ 2013-12-08 02:25:11 -0500 (master branch) (Win32, Release)'),(1,1387206646,0,0,'TrinityCore rev. e60318302be0+ 2013-12-08 02:25:11 -0500 (master branch) (Win32, Release)'),(1,1387206708,0,0,'TrinityCore rev. e60318302be0+ 2013-12-08 02:25:11 -0500 (master branch) (Win32, Release)'),(1,1387206768,0,0,'TrinityCore rev. e60318302be0+ 2013-12-08 02:25:11 -0500 (master branch) (Win32, Release)'),(1,1387206829,0,0,'TrinityCore rev. e60318302be0+ 2013-12-08 02:25:11 -0500 (master branch) (Win32, Release)'),(1,1387206890,0,0,'TrinityCore rev. e60318302be0+ 2013-12-08 02:25:11 -0500 (master branch) (Win32, Release)'),(1,1387206950,0,0,'TrinityCore rev. e60318302be0+ 2013-12-08 02:25:11 -0500 (master branch) (Win32, Release)'),(1,1387207011,0,0,'TrinityCore rev. e60318302be0+ 2013-12-08 02:25:11 -0500 (master branch) (Win32, Release)'),(1,1387207071,0,0,'TrinityCore rev. e60318302be0+ 2013-12-08 02:25:11 -0500 (master branch) (Win32, Release)'),(1,1387207132,0,0,'TrinityCore rev. e60318302be0+ 2013-12-08 02:25:11 -0500 (master branch) (Win32, Release)'),(1,1387207192,0,0,'TrinityCore rev. e60318302be0+ 2013-12-08 02:25:11 -0500 (master branch) (Win32, Release)'),(1,1387207253,0,0,'TrinityCore rev. e60318302be0+ 2013-12-08 02:25:11 -0500 (master branch) (Win32, Release)'),(1,1387207314,0,0,'TrinityCore rev. e60318302be0+ 2013-12-08 02:25:11 -0500 (master branch) (Win32, Release)'),(1,1387207374,0,0,'TrinityCore rev. e60318302be0+ 2013-12-08 02:25:11 -0500 (master branch) (Win32, Release)'),(1,1387207434,0,0,'TrinityCore rev. e60318302be0+ 2013-12-08 02:25:11 -0500 (master branch) (Win32, Release)'),(1,1387207496,0,0,'TrinityCore rev. e60318302be0+ 2013-12-08 02:25:11 -0500 (master branch) (Win32, Release)'),(1,1387207557,0,0,'TrinityCore rev. e60318302be0+ 2013-12-08 02:25:11 -0500 (master branch) (Win32, Release)'),(1,1387207617,0,0,'TrinityCore rev. e60318302be0+ 2013-12-08 02:25:11 -0500 (master branch) (Win32, Release)'),(1,1387207678,0,0,'TrinityCore rev. e60318302be0+ 2013-12-08 02:25:11 -0500 (master branch) (Win32, Release)'),(1,1387207739,0,0,'TrinityCore rev. e60318302be0+ 2013-12-08 02:25:11 -0500 (master branch) (Win32, Release)'),(1,1387207800,0,0,'TrinityCore rev. e60318302be0+ 2013-12-08 02:25:11 -0500 (master branch) (Win32, Release)'),(1,1387207860,0,0,'TrinityCore rev. e60318302be0+ 2013-12-08 02:25:11 -0500 (master branch) (Win32, Release)'),(1,1387207920,0,0,'TrinityCore rev. e60318302be0+ 2013-12-08 02:25:11 -0500 (master branch) (Win32, Release)'),(1,1387207981,0,0,'TrinityCore rev. e60318302be0+ 2013-12-08 02:25:11 -0500 (master branch) (Win32, Release)'),(1,1387208041,0,0,'TrinityCore rev. e60318302be0+ 2013-12-08 02:25:11 -0500 (master branch) (Win32, Release)'),(1,1387208102,0,0,'TrinityCore rev. e60318302be0+ 2013-12-08 02:25:11 -0500 (master branch) (Win32, Release)'),(1,1387208163,0,0,'TrinityCore rev. e60318302be0+ 2013-12-08 02:25:11 -0500 (master branch) (Win32, Release)'),(1,1387208223,0,0,'TrinityCore rev. e60318302be0+ 2013-12-08 02:25:11 -0500 (master branch) (Win32, Release)'),(1,1387208283,0,0,'TrinityCore rev. e60318302be0+ 2013-12-08 02:25:11 -0500 (master branch) (Win32, Release)'),(1,1387208344,0,0,'TrinityCore rev. e60318302be0+ 2013-12-08 02:25:11 -0500 (master branch) (Win32, Release)'),(1,1387208405,0,0,'TrinityCore rev. e60318302be0+ 2013-12-08 02:25:11 -0500 (master branch) (Win32, Release)'),(1,1387208466,0,0,'TrinityCore rev. e60318302be0+ 2013-12-08 02:25:11 -0500 (master branch) (Win32, Release)'),(1,1387208526,0,0,'TrinityCore rev. e60318302be0+ 2013-12-08 02:25:11 -0500 (master branch) (Win32, Release)'),(1,1387208587,0,0,'TrinityCore rev. e60318302be0+ 2013-12-08 02:25:11 -0500 (master branch) (Win32, Release)'),(1,1387208647,0,0,'TrinityCore rev. e60318302be0+ 2013-12-08 02:25:11 -0500 (master branch) (Win32, Release)'),(1,1387208708,0,0,'TrinityCore rev. e60318302be0+ 2013-12-08 02:25:11 -0500 (master branch) (Win32, Release)'),(1,1387208768,0,0,'TrinityCore rev. e60318302be0+ 2013-12-08 02:25:11 -0500 (master branch) (Win32, Release)'),(1,1387208829,0,0,'TrinityCore rev. e60318302be0+ 2013-12-08 02:25:11 -0500 (master branch) (Win32, Release)'),(1,1387208889,0,0,'TrinityCore rev. e60318302be0+ 2013-12-08 02:25:11 -0500 (master branch) (Win32, Release)'),(1,1387208950,0,0,'TrinityCore rev. e60318302be0+ 2013-12-08 02:25:11 -0500 (master branch) (Win32, Release)'),(1,1387209010,0,0,'TrinityCore rev. e60318302be0+ 2013-12-08 02:25:11 -0500 (master branch) (Win32, Release)'),(1,1387209070,0,0,'TrinityCore rev. e60318302be0+ 2013-12-08 02:25:11 -0500 (master branch) (Win32, Release)'),(1,1387209131,0,0,'TrinityCore rev. e60318302be0+ 2013-12-08 02:25:11 -0500 (master branch) (Win32, Release)'),(1,1387209192,0,0,'TrinityCore rev. e60318302be0+ 2013-12-08 02:25:11 -0500 (master branch) (Win32, Release)'),(1,1387209253,0,0,'TrinityCore rev. e60318302be0+ 2013-12-08 02:25:11 -0500 (master branch) (Win32, Release)'),(1,1387209313,0,0,'TrinityCore rev. e60318302be0+ 2013-12-08 02:25:11 -0500 (master branch) (Win32, Release)'),(1,1387209373,0,0,'TrinityCore rev. e60318302be0+ 2013-12-08 02:25:11 -0500 (master branch) (Win32, Release)'),(1,1387209434,0,0,'TrinityCore rev. e60318302be0+ 2013-12-08 02:25:11 -0500 (master branch) (Win32, Release)'),(1,1387209495,0,0,'TrinityCore rev. e60318302be0+ 2013-12-08 02:25:11 -0500 (master branch) (Win32, Release)'),(1,1387209555,0,0,'TrinityCore rev. e60318302be0+ 2013-12-08 02:25:11 -0500 (master branch) (Win32, Release)'),(1,1387209615,0,0,'TrinityCore rev. e60318302be0+ 2013-12-08 02:25:11 -0500 (master branch) (Win32, Release)'),(1,1387209676,0,0,'TrinityCore rev. e60318302be0+ 2013-12-08 02:25:11 -0500 (master branch) (Win32, Release)'),(1,1387209737,0,0,'TrinityCore rev. e60318302be0+ 2013-12-08 02:25:11 -0500 (master branch) (Win32, Release)'),(1,1387209797,0,0,'TrinityCore rev. e60318302be0+ 2013-12-08 02:25:11 -0500 (master branch) (Win32, Release)'),(1,1387209859,0,0,'TrinityCore rev. e60318302be0+ 2013-12-08 02:25:11 -0500 (master branch) (Win32, Release)'),(1,1387209920,0,0,'TrinityCore rev. e60318302be0+ 2013-12-08 02:25:11 -0500 (master branch) (Win32, Release)'),(1,1387209981,0,0,'TrinityCore rev. e60318302be0+ 2013-12-08 02:25:11 -0500 (master branch) (Win32, Release)'),(1,1387210042,0,0,'TrinityCore rev. e60318302be0+ 2013-12-08 02:25:11 -0500 (master branch) (Win32, Release)'),(1,1387210102,0,0,'TrinityCore rev. e60318302be0+ 2013-12-08 02:25:11 -0500 (master branch) (Win32, Release)'),(1,1387210163,0,0,'TrinityCore rev. e60318302be0+ 2013-12-08 02:25:11 -0500 (master branch) (Win32, Release)'),(1,1387210224,0,0,'TrinityCore rev. e60318302be0+ 2013-12-08 02:25:11 -0500 (master branch) (Win32, Release)'),(1,1387210284,0,0,'TrinityCore rev. e60318302be0+ 2013-12-08 02:25:11 -0500 (master branch) (Win32, Release)'),(1,1387210345,0,0,'TrinityCore rev. e60318302be0+ 2013-12-08 02:25:11 -0500 (master branch) (Win32, Release)'),(1,1387210405,0,0,'TrinityCore rev. e60318302be0+ 2013-12-08 02:25:11 -0500 (master branch) (Win32, Release)'),(1,1387210466,0,0,'TrinityCore rev. e60318302be0+ 2013-12-08 02:25:11 -0500 (master branch) (Win32, Release)'),(1,1387210526,0,0,'TrinityCore rev. e60318302be0+ 2013-12-08 02:25:11 -0500 (master branch) (Win32, Release)'),(1,1387210588,0,0,'TrinityCore rev. e60318302be0+ 2013-12-08 02:25:11 -0500 (master branch) (Win32, Release)'),(1,1387210649,0,0,'TrinityCore rev. e60318302be0+ 2013-12-08 02:25:11 -0500 (master branch) (Win32, Release)'),(1,1387210709,0,0,'TrinityCore rev. e60318302be0+ 2013-12-08 02:25:11 -0500 (master branch) (Win32, Release)'),(1,1387210770,0,0,'TrinityCore rev. e60318302be0+ 2013-12-08 02:25:11 -0500 (master branch) (Win32, Release)'),(1,1387210832,0,0,'TrinityCore rev. e60318302be0+ 2013-12-08 02:25:11 -0500 (master branch) (Win32, Release)'),(1,1387210891,0,0,'TrinityCore rev. e60318302be0+ 2013-12-08 02:25:11 -0500 (master branch) (Win32, Release)'),(1,1387210952,0,0,'TrinityCore rev. e60318302be0+ 2013-12-08 02:25:11 -0500 (master branch) (Win32, Release)'),(1,1387211012,0,0,'TrinityCore rev. e60318302be0+ 2013-12-08 02:25:11 -0500 (master branch) (Win32, Release)'),(1,1387211073,0,0,'TrinityCore rev. e60318302be0+ 2013-12-08 02:25:11 -0500 (master branch) (Win32, Release)'),(1,1387211136,0,0,'TrinityCore rev. e60318302be0+ 2013-12-08 02:25:11 -0500 (master branch) (Win32, Release)'),(1,1387211194,0,0,'TrinityCore rev. e60318302be0+ 2013-12-08 02:25:11 -0500 (master branch) (Win32, Release)'),(1,1387211254,0,0,'TrinityCore rev. e60318302be0+ 2013-12-08 02:25:11 -0500 (master branch) (Win32, Release)'),(1,1387211315,0,0,'TrinityCore rev. e60318302be0+ 2013-12-08 02:25:11 -0500 (master branch) (Win32, Release)'),(1,1387211376,0,0,'TrinityCore rev. e60318302be0+ 2013-12-08 02:25:11 -0500 (master branch) (Win32, Release)'),(1,1387211436,0,0,'TrinityCore rev. e60318302be0+ 2013-12-08 02:25:11 -0500 (master branch) (Win32, Release)'),(1,1387211498,0,0,'TrinityCore rev. e60318302be0+ 2013-12-08 02:25:11 -0500 (master branch) (Win32, Release)'),(1,1387211559,0,0,'TrinityCore rev. e60318302be0+ 2013-12-08 02:25:11 -0500 (master branch) (Win32, Release)'),(1,1387211619,0,0,'TrinityCore rev. e60318302be0+ 2013-12-08 02:25:11 -0500 (master branch) (Win32, Release)'),(1,1387211680,0,0,'TrinityCore rev. e60318302be0+ 2013-12-08 02:25:11 -0500 (master branch) (Win32, Release)'),(1,1387211741,0,0,'TrinityCore rev. e60318302be0+ 2013-12-08 02:25:11 -0500 (master branch) (Win32, Release)'),(1,1387211802,0,0,'TrinityCore rev. e60318302be0+ 2013-12-08 02:25:11 -0500 (master branch) (Win32, Release)'),(1,1387211862,0,0,'TrinityCore rev. e60318302be0+ 2013-12-08 02:25:11 -0500 (master branch) (Win32, Release)'),(1,1387211922,0,0,'TrinityCore rev. e60318302be0+ 2013-12-08 02:25:11 -0500 (master branch) (Win32, Release)'),(1,1387211984,0,0,'TrinityCore rev. e60318302be0+ 2013-12-08 02:25:11 -0500 (master branch) (Win32, Release)'),(1,1387212044,0,0,'TrinityCore rev. e60318302be0+ 2013-12-08 02:25:11 -0500 (master branch) (Win32, Release)'),(1,1387212104,0,0,'TrinityCore rev. e60318302be0+ 2013-12-08 02:25:11 -0500 (master branch) (Win32, Release)'),(1,1387212165,0,0,'TrinityCore rev. e60318302be0+ 2013-12-08 02:25:11 -0500 (master branch) (Win32, Release)'),(1,1387212226,0,0,'TrinityCore rev. e60318302be0+ 2013-12-08 02:25:11 -0500 (master branch) (Win32, Release)'),(1,1387212287,0,0,'TrinityCore rev. e60318302be0+ 2013-12-08 02:25:11 -0500 (master branch) (Win32, Release)'),(1,1387212347,0,0,'TrinityCore rev. e60318302be0+ 2013-12-08 02:25:11 -0500 (master branch) (Win32, Release)'),(1,1387212408,0,0,'TrinityCore rev. e60318302be0+ 2013-12-08 02:25:11 -0500 (master branch) (Win32, Release)'),(1,1387212468,0,0,'TrinityCore rev. e60318302be0+ 2013-12-08 02:25:11 -0500 (master branch) (Win32, Release)'),(1,1387212530,0,0,'TrinityCore rev. e60318302be0+ 2013-12-08 02:25:11 -0500 (master branch) (Win32, Release)'),(1,1387212589,0,0,'TrinityCore rev. e60318302be0+ 2013-12-08 02:25:11 -0500 (master branch) (Win32, Release)'),(1,1387212650,0,0,'TrinityCore rev. e60318302be0+ 2013-12-08 02:25:11 -0500 (master branch) (Win32, Release)'),(1,1387212712,0,0,'TrinityCore rev. e60318302be0+ 2013-12-08 02:25:11 -0500 (master branch) (Win32, Release)'),(1,1387212773,0,0,'TrinityCore rev. e60318302be0+ 2013-12-08 02:25:11 -0500 (master branch) (Win32, Release)'),(1,1387212833,0,0,'TrinityCore rev. e60318302be0+ 2013-12-08 02:25:11 -0500 (master branch) (Win32, Release)'),(1,1387212894,0,0,'TrinityCore rev. e60318302be0+ 2013-12-08 02:25:11 -0500 (master branch) (Win32, Release)'),(1,1387212957,0,0,'TrinityCore rev. e60318302be0+ 2013-12-08 02:25:11 -0500 (master branch) (Win32, Release)'),(1,1387213014,0,0,'TrinityCore rev. e60318302be0+ 2013-12-08 02:25:11 -0500 (master branch) (Win32, Release)'),(1,1387213074,0,0,'TrinityCore rev. e60318302be0+ 2013-12-08 02:25:11 -0500 (master branch) (Win32, Release)'),(1,1387213135,0,0,'TrinityCore rev. e60318302be0+ 2013-12-08 02:25:11 -0500 (master branch) (Win32, Release)'),(1,1387213197,0,0,'TrinityCore rev. e60318302be0+ 2013-12-08 02:25:11 -0500 (master branch) (Win32, Release)'),(1,1387213259,0,0,'TrinityCore rev. e60318302be0+ 2013-12-08 02:25:11 -0500 (master branch) (Win32, Release)'),(1,1387213319,0,0,'TrinityCore rev. e60318302be0+ 2013-12-08 02:25:11 -0500 (master branch) (Win32, Release)'),(1,1387213379,0,0,'TrinityCore rev. e60318302be0+ 2013-12-08 02:25:11 -0500 (master branch) (Win32, Release)'),(1,1387213441,0,0,'TrinityCore rev. e60318302be0+ 2013-12-08 02:25:11 -0500 (master branch) (Win32, Release)'),(1,1387213500,0,0,'TrinityCore rev. e60318302be0+ 2013-12-08 02:25:11 -0500 (master branch) (Win32, Release)'),(1,1387213560,0,0,'TrinityCore rev. e60318302be0+ 2013-12-08 02:25:11 -0500 (master branch) (Win32, Release)'),(1,1387213621,0,0,'TrinityCore rev. e60318302be0+ 2013-12-08 02:25:11 -0500 (master branch) (Win32, Release)'),(1,1387213681,0,0,'TrinityCore rev. e60318302be0+ 2013-12-08 02:25:11 -0500 (master branch) (Win32, Release)'),(1,1387213742,0,0,'TrinityCore rev. e60318302be0+ 2013-12-08 02:25:11 -0500 (master branch) (Win32, Release)'),(1,1387213803,0,0,'TrinityCore rev. e60318302be0+ 2013-12-08 02:25:11 -0500 (master branch) (Win32, Release)'),(1,1387213863,0,0,'TrinityCore rev. e60318302be0+ 2013-12-08 02:25:11 -0500 (master branch) (Win32, Release)'),(1,1387213924,0,0,'TrinityCore rev. e60318302be0+ 2013-12-08 02:25:11 -0500 (master branch) (Win32, Release)'),(1,1387213986,0,0,'TrinityCore rev. e60318302be0+ 2013-12-08 02:25:11 -0500 (master branch) (Win32, Release)'),(1,1387214050,0,0,'TrinityCore rev. e60318302be0+ 2013-12-08 02:25:11 -0500 (master branch) (Win32, Release)'),(1,1387214112,0,0,'TrinityCore rev. e60318302be0+ 2013-12-08 02:25:11 -0500 (master branch) (Win32, Release)'),(1,1387216154,0,0,'TrinityCore rev. 9fff5503a6e8+ 2013-12-15 03:24:03 -0500 (master branch) (Win32, Release)'),(1,1387216255,0,0,'TrinityCore rev. 9fff5503a6e8+ 2013-12-15 03:24:03 -0500 (master branch) (Win32, Release)'),(1,1387216399,0,0,'TrinityCore rev. 9fff5503a6e8+ 2013-12-15 03:24:03 -0500 (master branch) (Win32, Release)'),(1,1387216600,0,0,'TrinityCore rev. 9fff5503a6e8+ 2013-12-15 03:24:03 -0500 (master branch) (Win32, Release)'),(1,1387216798,600,0,'TrinityCore rev. 9fff5503a6e8+ 2013-12-15 03:24:03 -0500 (master branch) (Win32, Release)'),(1,1387217680,1200,0,'TrinityCore rev. 9fff5503a6e8+ 2013-12-15 03:24:03 -0500 (master branch) (Win32, Release)'),(1,1387218991,483600,1,'TrinityCore rev. 9fff5503a6e8+ 2013-12-15 03:24:03 -0500 (master branch) (Win32, Release)'),(1,1387739106,53445,1,'TrinityCore rev. 9fff5503a6e8+ 2013-12-15 03:24:03 -0500 (master branch) (Win32, Release)'),(1,1387767901,687,0,'TrinityCore rev. 9fff5503a6e8+ 2013-12-15 03:24:03 -0500 (master branch) (Win32, Release)'),(1,1387797516,21045,0,'TrinityCore rev. 9fff5503a6e8+ 2013-12-15 03:24:03 -0500 (master branch) (Win32, Release)'),(1,1387825081,14400,1,'TrinityCore rev. 9fff5503a6e8+ 2013-12-15 03:24:03 -0500 (master branch) (Win32, Release)'),(2,1386320740,600,1,'TrinityCore rev. e984dd14c437+ 2013-12-05 15:26:26 -0500 (master branch) (Win32, Release)'),(2,1386321826,11400,3,'TrinityCore rev. e984dd14c437+ 2013-12-05 15:26:26 -0500 (master branch) (Win32, Release)'),(2,1386337974,36001,2,'TrinityCore rev. e984dd14c437+ 2013-12-05 15:26:26 -0500 (master branch) (Win32, Release)'),(2,1386374402,601,2,'TrinityCore rev. e984dd14c437+ 2013-12-05 15:26:26 -0500 (master branch) (Win32, Release)'),(2,1386375200,0,0,'TrinityCore rev. e984dd14c437+ 2013-12-05 15:26:26 -0500 (master branch) (Win32, Release)'),(2,1386375408,601,2,'TrinityCore rev. e984dd14c437+ 2013-12-05 15:26:26 -0500 (master branch) (Win32, Release)'),(2,1386376271,6601,2,'TrinityCore rev. e984dd14c437+ 2013-12-05 15:26:26 -0500 (master branch) (Win32, Release)'),(2,1386383065,0,0,'TrinityCore rev. e984dd14c437+ 2013-12-05 15:26:26 -0500 (master branch) (Win32, Release)'),(2,1386383542,1801,3,'TrinityCore rev. e984dd14c437+ 2013-12-05 15:26:26 -0500 (master branch) (Win32, Release)'),(2,1386385596,601,3,'TrinityCore rev. e984dd14c437+ 2013-12-05 15:26:26 -0500 (master branch) (Win32, Release)'),(2,1386386702,0,0,'TrinityCore rev. e984dd14c437+ 2013-12-05 15:26:26 -0500 (master branch) (Win32, Release)'),(2,1386386843,0,0,'TrinityCore rev. e984dd14c437+ 2013-12-05 15:26:26 -0500 (master branch) (Win32, Release)'),(2,1386386972,0,0,'TrinityCore rev. e984dd14c437+ 2013-12-05 15:26:26 -0500 (master branch) (Win32, Release)'),(2,1386387170,0,0,'TrinityCore rev. e984dd14c437+ 2013-12-05 15:26:26 -0500 (master branch) (Win32, Release)'),(2,1386387478,0,0,'TrinityCore rev. e984dd14c437+ 2013-12-05 15:26:26 -0500 (master branch) (Win32, Release)'),(2,1386387677,1200,2,'TrinityCore rev. e984dd14c437+ 2013-12-05 15:26:26 -0500 (master branch) (Win32, Release)'),(2,1386389327,1801,3,'TrinityCore rev. e984dd14c437+ 2013-12-05 15:26:26 -0500 (master branch) (Win32, Release)'),(2,1386391549,0,0,'TrinityCore rev. e984dd14c437+ 2013-12-05 15:26:26 -0500 (master branch) (Win32, Release)'),(2,1386392155,601,2,'TrinityCore rev. e984dd14c437+ 2013-12-05 15:26:26 -0500 (master branch) (Win32, Release)'),(2,1386392898,0,0,'TrinityCore rev. e984dd14c437+ 2013-12-05 15:26:26 -0500 (master branch) (Win32, Release)'),(2,1386393179,601,3,'TrinityCore rev. e984dd14c437+ 2013-12-05 15:26:26 -0500 (master branch) (Win32, Release)'),(2,1386393944,0,0,'TrinityCore rev. e984dd14c437+ 2013-12-05 15:26:26 -0500 (master branch) (Win32, Release)'),(2,1386394134,3600,3,'TrinityCore rev. e984dd14c437+ 2013-12-05 15:26:26 -0500 (master branch) (Win32, Release)'),(2,1386398288,601,3,'TrinityCore rev. e984dd14c437+ 2013-12-05 15:26:26 -0500 (master branch) (Win32, Release)'),(2,1386398957,9001,3,'TrinityCore rev. e984dd14c437+ 2013-12-05 15:26:26 -0500 (master branch) (Win32, Release)'),(2,1386408111,1200,3,'TrinityCore rev. e984dd14c437+ 2013-12-05 15:26:26 -0500 (master branch) (Win32, Release)'),(2,1386409704,6601,3,'TrinityCore rev. e984dd14c437+ 2013-12-05 15:26:26 -0500 (master branch) (Win32, Release)'),(2,1386416582,2401,2,'TrinityCore rev. e984dd14c437+ 2013-12-05 15:26:26 -0500 (master branch) (Win32, Release)'),(2,1386419148,0,0,'TrinityCore rev. e984dd14c437+ 2013-12-05 15:26:26 -0500 (master branch) (Win32, Release)'),(2,1386419427,601,2,'TrinityCore rev. e984dd14c437+ 2013-12-05 15:26:26 -0500 (master branch) (Win32, Release)'),(2,1386420754,1801,2,'TrinityCore rev. e984dd14c437+ 2013-12-05 15:26:26 -0500 (master branch) (Win32, Release)'),(2,1386422707,40801,3,'TrinityCore rev. e984dd14c437+ 2013-12-05 15:26:26 -0500 (master branch) (Win32, Release)'),(2,1386463841,1802,4,'TrinityCore rev. e984dd14c437+ 2013-12-05 15:26:26 -0500 (master branch) (Win32, Release)'),(2,1386466238,601,2,'TrinityCore rev. e984dd14c437+ 2013-12-05 15:26:26 -0500 (master branch) (Win32, Release)'),(2,1386466952,0,0,'TrinityCore rev. e984dd14c437+ 2013-12-05 15:26:26 -0500 (master branch) (Win32, Release)'),(2,1386467188,0,0,'TrinityCore rev. e984dd14c437+ 2013-12-05 15:26:26 -0500 (master branch) (Win32, Release)'),(2,1386467687,3001,3,'TrinityCore rev. e984dd14c437+ 2013-12-05 15:26:26 -0500 (master branch) (Win32, Release)'),(2,1386470933,3000,2,'TrinityCore rev. e984dd14c437+ 2013-12-05 15:26:26 -0500 (master branch) (Win32, Release)'),(2,1386474394,0,0,'TrinityCore rev. e984dd14c437+ 2013-12-05 15:26:26 -0500 (master branch) (Win32, Release)'),(2,1386474593,0,0,'TrinityCore rev. e984dd14c437+ 2013-12-05 15:26:26 -0500 (master branch) (Win32, Release)'),(2,1386474942,0,0,'TrinityCore rev. e984dd14c437+ 2013-12-05 15:26:26 -0500 (master branch) (Win32, Release)'),(2,1386475124,0,0,'TrinityCore rev. e984dd14c437+ 2013-12-05 15:26:26 -0500 (master branch) (Win32, Release)'),(2,1386475732,0,0,'TrinityCore rev. e984dd14c437+ 2013-12-05 15:26:26 -0500 (master branch) (Win32, Release)'),(2,1386475845,601,2,'TrinityCore rev. e984dd14c437+ 2013-12-05 15:26:26 -0500 (master branch) (Win32, Release)'),(2,1386476567,601,2,'TrinityCore rev. 76999abd4cb2+ 2013-12-07 12:15:04 -0500 (master branch) (Win32, Release)'),(2,1386477432,1201,2,'TrinityCore rev. 76999abd4cb2+ 2013-12-07 12:15:04 -0500 (master branch) (Win32, Release)'),(2,1386479243,3601,3,'TrinityCore rev. 76999abd4cb2+ 2013-12-07 12:15:04 -0500 (master branch) (Win32, Release)'),(2,1386483450,2400,3,'TrinityCore rev. 76999abd4cb2+ 2013-12-07 12:15:04 -0500 (master branch) (Win32, Release)'),(2,1386485910,0,0,'TrinityCore rev. 76999abd4cb2+ 2013-12-07 12:15:04 -0500 (master branch) (Win32, Release)'),(2,1386486194,0,0,'TrinityCore rev. 76999abd4cb2+ 2013-12-07 12:15:04 -0500 (master branch) (Win32, Release)'),(2,1386486419,0,0,'TrinityCore rev. 76999abd4cb2+ 2013-12-07 12:15:04 -0500 (master branch) (Win32, Release)'),(2,1386486803,0,0,'TrinityCore rev. 76999abd4cb2+ 2013-12-07 12:15:04 -0500 (master branch) (Win32, Release)'),(2,1386487327,1801,2,'TrinityCore rev. 76999abd4cb2+ 2013-12-07 12:15:04 -0500 (master branch) (Win32, Release)'),(2,1386489614,1800,2,'TrinityCore rev. 76999abd4cb2+ 2013-12-07 12:15:04 -0500 (master branch) (Win32, Release)'),(2,1386491528,0,0,'TrinityCore rev. 76999abd4cb2+ 2013-12-07 12:15:04 -0500 (master branch) (Win32, Release)'),(2,1386492029,601,2,'TrinityCore rev. 76999abd4cb2+ 2013-12-07 12:15:04 -0500 (master branch) (Win32, Release)'),(2,1386493151,0,0,'TrinityCore rev. 76999abd4cb2+ 2013-12-07 12:15:04 -0500 (master branch) (Win32, Release)'),(2,1386493291,0,0,'TrinityCore rev. 76999abd4cb2+ 2013-12-07 12:15:04 -0500 (master branch) (Win32, Release)'),(2,1386493420,4201,2,'TrinityCore rev. 76999abd4cb2+ 2013-12-07 12:15:04 -0500 (master branch) (Win32, Release)'),(2,1386497675,0,0,'TrinityCore rev. 76999abd4cb2+ 2013-12-07 12:15:04 -0500 (master branch) (Win32, Release)'),(2,1386498126,3001,2,'TrinityCore rev. 76999abd4cb2+ 2013-12-07 12:15:04 -0500 (master branch) (Win32, Release)'),(2,1386501297,16801,2,'TrinityCore rev. 76999abd4cb2+ 2013-12-07 12:15:04 -0500 (master branch) (Win32, Release)'),(2,1386518181,0,0,'TrinityCore rev. e60318302be0+ 2013-12-08 02:25:11 -0500 (master branch) (Win32, Release)'),(2,1386518370,1800,2,'TrinityCore rev. 76999abd4cb2+ 2013-12-07 12:15:04 -0500 (master branch) (Win32, Release)'),(2,1386518513,0,0,'TrinityCore rev. e60318302be0+ 2013-12-08 02:25:11 -0500 (master branch) (Win32, Release)'),(2,1386518999,6601,4,'TrinityCore rev. e60318302be0+ 2013-12-08 02:25:11 -0500 (master branch) (Win32, Release)'),(2,1386520708,0,0,'TrinityCore rev. e60318302be0+ 2013-12-08 02:25:11 -0500 (master branch) (Win32, Release)'),(2,1386520823,0,0,'TrinityCore rev. e60318302be0+ 2013-12-08 02:25:11 -0500 (master branch) (Win32, Release)'),(2,1386520995,4294964130,2,'TrinityCore rev. e60318302be0+ 2013-12-08 02:25:11 -0500 (master branch) (Win32, Release)'),(2,1386525967,0,0,'TrinityCore rev. e60318302be0+ 2013-12-08 02:25:11 -0500 (master branch) (Win32, Release)'),(2,1386526089,2401,3,'TrinityCore rev. e60318302be0+ 2013-12-08 02:25:11 -0500 (master branch) (Win32, Release)'),(2,1386529089,0,0,'TrinityCore rev. e60318302be0+ 2013-12-08 02:25:11 -0500 (master branch) (Win32, Release)'),(2,1386529701,0,0,'TrinityCore rev. e60318302be0+ 2013-12-08 02:25:11 -0500 (master branch) (Win32, Release)'),(2,1386530270,601,3,'TrinityCore rev. e60318302be0+ 2013-12-08 02:25:11 -0500 (master branch) (Win32, Release)'),(2,1386531198,0,0,'TrinityCore rev. e60318302be0+ 2013-12-08 02:25:11 -0500 (master branch) (Win32, Release)'),(2,1386531668,0,0,'TrinityCore rev. e60318302be0+ 2013-12-08 02:25:11 -0500 (master branch) (Win32, Release)'),(2,1386531781,6601,3,'TrinityCore rev. e60318302be0+ 2013-12-08 02:25:11 -0500 (master branch) (Win32, Release)'),(2,1386538594,7801,2,'TrinityCore rev. e60318302be0+ 2013-12-08 02:25:11 -0500 (master branch) (Win32, Release)'),(2,1386546625,0,0,'TrinityCore rev. e60318302be0+ 2013-12-08 02:25:11 -0500 (master branch) (Win32, Release)'),(2,1386546849,601,2,'TrinityCore rev. e60318302be0+ 2013-12-08 02:25:11 -0500 (master branch) (Win32, Release)'),(2,1386548032,0,0,'TrinityCore rev. e60318302be0+ 2013-12-08 02:25:11 -0500 (master branch) (Win32, Release)'),(2,1386548316,0,0,'TrinityCore rev. e60318302be0+ 2013-12-08 02:25:11 -0500 (master branch) (Win32, Release)'),(2,1386548600,3001,3,'TrinityCore rev. e60318302be0+ 2013-12-08 02:25:11 -0500 (master branch) (Win32, Release)'),(2,1386552175,601,4,'TrinityCore rev. e60318302be0+ 2013-12-08 02:25:11 -0500 (master branch) (Win32, Release)'),(2,1386553134,1201,4,'TrinityCore rev. e60318302be0+ 2013-12-08 02:25:11 -0500 (master branch) (Win32, Release)'),(2,1386554752,15001,3,'TrinityCore rev. e60318302be0+ 2013-12-08 02:25:11 -0500 (master branch) (Win32, Release)'),(2,1386569821,2401,3,'TrinityCore rev. e60318302be0+ 2013-12-08 02:25:11 -0500 (master branch) (Win32, Release)'),(2,1386572249,601,3,'TrinityCore rev. e60318302be0+ 2013-12-08 02:25:11 -0500 (master branch) (Win32, Release)'),(2,1386572894,601,2,'TrinityCore rev. e60318302be0+ 2013-12-08 02:25:11 -0500 (master branch) (Win32, Release)'),(2,1386573773,33601,3,'TrinityCore rev. e60318302be0+ 2013-12-08 02:25:11 -0500 (master branch) (Win32, Release)'),(2,1386607450,0,0,'TrinityCore rev. e60318302be0+ 2013-12-08 02:25:11 -0500 (master branch) (Win32, Release)'),(2,1386607722,2401,2,'TrinityCore rev. e60318302be0+ 2013-12-08 02:25:11 -0500 (master branch) (Win32, Release)'),(2,1386612206,1229,3,'TrinityCore rev. e60318302be0+ 2013-12-08 02:25:11 -0500 (master branch) (Win32, Release)'),(2,1386613664,601,3,'TrinityCore rev. e60318302be0+ 2013-12-08 02:25:11 -0500 (master branch) (Win32, Release)'),(2,1386614321,13201,3,'TrinityCore rev. e60318302be0+ 2013-12-08 02:25:11 -0500 (master branch) (Win32, Release)'),(2,1386627618,21602,3,'TrinityCore rev. e60318302be0+ 2013-12-08 02:25:11 -0500 (master branch) (Win32, Release)'),(2,1386649297,0,0,'TrinityCore rev. e60318302be0+ 2013-12-08 02:25:11 -0500 (master branch) (Win32, Release)'),(2,1386649644,602,2,'TrinityCore rev. e60318302be0+ 2013-12-08 02:25:11 -0500 (master branch) (Win32, Release)'),(2,1386650384,0,0,'TrinityCore rev. e60318302be0+ 2013-12-08 02:25:11 -0500 (master branch) (Win32, Release)'),(2,1386650625,12601,2,'TrinityCore rev. e60318302be0+ 2013-12-08 02:25:11 -0500 (master branch) (Win32, Release)'),(2,1386663655,13800,2,'TrinityCore rev. e60318302be0+ 2013-12-08 02:25:11 -0500 (master branch) (Win32, Release)'),(2,1386677611,9001,2,'TrinityCore rev. e60318302be0+ 2013-12-08 02:25:11 -0500 (master branch) (Win32, Release)'),(2,1386686933,1201,1,'TrinityCore rev. d46c720a7d54+ 2013-12-10 08:33:12 -0500 (master branch) (Win64, Release)'),(2,1386688359,601,2,'TrinityCore rev. d46c720a7d54+ 2013-12-10 08:33:12 -0500 (master branch) (Win64, Release)'),(2,1386689434,600,2,'TrinityCore rev. d46c720a7d54+ 2013-12-10 08:33:12 -0500 (master branch) (Win64, Release)'),(2,1386690072,0,0,'TrinityCore rev. d46c720a7d54+ 2013-12-10 08:33:12 -0500 (master branch) (Win64, Release)'),(2,1386690619,0,0,'TrinityCore rev. d46c720a7d54+ 2013-12-10 08:33:12 -0500 (master branch) (Win64, Release)'),(2,1386690789,2400,3,'TrinityCore rev. d46c720a7d54+ 2013-12-10 08:33:12 -0500 (master branch) (Win64, Release)'),(2,1386693681,7801,4,'TrinityCore rev. d46c720a7d54+ 2013-12-10 08:33:12 -0500 (master branch) (Win64, Release)'),(2,1386701713,10201,4,'TrinityCore rev. 5dde6ba62cb1 2013-12-10 11:01:38 -0500 (master branch) (Win64, Release)'),(2,1386712164,601,3,'TrinityCore rev. 5dde6ba62cb1 2013-12-10 11:01:38 -0500 (master branch) (Win64, Release)'),(2,1386712843,600,1,'TrinityCore rev. 5dde6ba62cb1 2013-12-10 11:01:38 -0500 (master branch) (Win64, Release)'),(2,1386713947,601,2,'TrinityCore rev. 5dde6ba62cb1 2013-12-10 11:01:38 -0500 (master branch) (Win64, Release)'),(2,1386715017,1801,3,'TrinityCore rev. 5dde6ba62cb1 2013-12-10 11:01:38 -0500 (master branch) (Win64, Release)'),(2,1386719038,10842,3,'TrinityCore rev. 5dde6ba62cb1 2013-12-10 11:01:38 -0500 (master branch) (Win64, Release)'),(2,1386730476,1201,3,'TrinityCore rev. 5dde6ba62cb1 2013-12-10 11:01:38 -0500 (master branch) (Win64, Release)'),(2,1386731871,6600,2,'TrinityCore rev. 5dde6ba62cb1 2013-12-10 11:01:38 -0500 (master branch) (Win64, Release)'),(2,1386738892,3001,2,'TrinityCore rev. 5dde6ba62cb1 2013-12-10 11:01:38 -0500 (master branch) (Win64, Release)'),(2,1386742076,601,2,'TrinityCore rev. 5dde6ba62cb1 2013-12-10 11:01:38 -0500 (master branch) (Win64, Release)'),(2,1386742715,34801,2,'TrinityCore rev. 5dde6ba62cb1 2013-12-10 11:01:38 -0500 (master branch) (Win64, Release)'),(2,1386777851,0,0,'TrinityCore rev. 5dde6ba62cb1 2013-12-10 11:01:38 -0500 (master branch) (Win64, Release)'),(2,1386778719,601,2,'TrinityCore rev. 5dde6ba62cb1 2013-12-10 11:01:38 -0500 (master branch) (Win64, Release)'),(2,1386779678,601,2,'TrinityCore rev. 5dde6ba62cb1 2013-12-10 11:01:38 -0500 (master branch) (Win64, Release)'),(2,1386780594,0,0,'TrinityCore rev. 5dde6ba62cb1 2013-12-10 11:01:38 -0500 (master branch) (Win64, Release)'),(2,1386781330,1200,2,'TrinityCore rev. 5dde6ba62cb1 2013-12-10 11:01:38 -0500 (master branch) (Win64, Release)'),(2,1386782781,0,0,'TrinityCore rev. 5dde6ba62cb1 2013-12-10 11:01:38 -0500 (master branch) (Win64, Release)'),(2,1386783245,0,0,'TrinityCore rev. 5dde6ba62cb1 2013-12-10 11:01:38 -0500 (master branch) (Win64, Release)'),(2,1386783715,4801,3,'TrinityCore rev. 5dde6ba62cb1 2013-12-10 11:01:38 -0500 (master branch) (Win64, Release)'),(2,1386789082,0,0,'TrinityCore rev. 5dde6ba62cb1 2013-12-10 11:01:38 -0500 (master branch) (Win64, Release)'),(2,1386789752,2401,2,'TrinityCore rev. 5dde6ba62cb1 2013-12-10 11:01:38 -0500 (master branch) (Win64, Release)'),(2,1386792395,1201,3,'TrinityCore rev. 5dde6ba62cb1 2013-12-10 11:01:38 -0500 (master branch) (Win64, Release)'),(2,1386794063,0,0,'TrinityCore rev. 5dde6ba62cb1 2013-12-10 11:01:38 -0500 (master branch) (Win64, Release)'),(2,1386794566,601,3,'TrinityCore rev. 5dde6ba62cb1 2013-12-10 11:01:38 -0500 (master branch) (Win64, Release)'),(2,1386795699,0,0,'TrinityCore rev. 5dde6ba62cb1 2013-12-10 11:01:38 -0500 (master branch) (Win64, Release)'),(2,1386796303,601,2,'TrinityCore rev. 5dde6ba62cb1 2013-12-10 11:01:38 -0500 (master branch) (Win64, Release)'),(2,1386796924,1200,3,'TrinityCore rev. 5dde6ba62cb1 2013-12-10 11:01:38 -0500 (master branch) (Win64, Release)'),(2,1386798360,5401,3,'TrinityCore rev. 5dde6ba62cb1 2013-12-10 11:01:38 -0500 (master branch) (Win64, Release)'),(2,1386804372,6000,2,'TrinityCore rev. af099c97f978+ 2013-12-11 17:20:37 -0500 (master branch) (Win64, Release)'),(2,1386810686,4201,2,'TrinityCore rev. af099c97f978+ 2013-12-11 17:20:37 -0500 (master branch) (Win64, Release)'),(2,1386815332,0,0,'TrinityCore rev. af099c97f978+ 2013-12-11 17:20:37 -0500 (master branch) (Win64, Release)'),(2,1386815784,0,0,'TrinityCore rev. af099c97f978+ 2013-12-11 17:20:37 -0500 (master branch) (Win64, Release)'),(2,1386816220,0,0,'TrinityCore rev. af099c97f978+ 2013-12-11 17:20:37 -0500 (master branch) (Win64, Release)'),(2,1386816285,0,0,'TrinityCore rev. af099c97f978+ 2013-12-11 17:20:37 -0500 (master branch) (Win64, Release)'),(2,1386816380,0,0,'TrinityCore rev. af099c97f978+ 2013-12-11 17:20:37 -0500 (master branch) (Win64, Release)'),(2,1386816587,0,0,'TrinityCore rev. af099c97f978+ 2013-12-11 17:20:37 -0500 (master branch) (Win64, Release)'),(2,1386816712,0,0,'TrinityCore rev. af099c97f978+ 2013-12-11 17:20:37 -0500 (master branch) (Win64, Release)'),(2,1386816773,0,0,'TrinityCore rev. af099c97f978+ 2013-12-11 17:20:37 -0500 (master branch) (Win64, Release)'),(2,1386817344,0,0,'TrinityCore rev. af099c97f978+ 2013-12-11 17:20:37 -0500 (master branch) (Win64, Release)'),(2,1386817413,0,0,'TrinityCore rev. af099c97f978+ 2013-12-11 17:20:37 -0500 (master branch) (Win64, Release)'),(2,1386817478,0,0,'TrinityCore rev. af099c97f978+ 2013-12-11 17:20:37 -0500 (master branch) (Win64, Release)'),(2,1386817895,0,0,'TrinityCore rev. af099c97f978+ 2013-12-11 17:20:37 -0500 (master branch) (Win64, Release)'),(2,1386817984,0,0,'TrinityCore rev. af099c97f978+ 2013-12-11 17:20:37 -0500 (master branch) (Win64, Release)'),(2,1386818248,0,0,'TrinityCore rev. af099c97f978+ 2013-12-11 17:20:37 -0500 (master branch) (Win64, Release)'),(2,1386818551,0,0,'TrinityCore rev. af099c97f978+ 2013-12-11 17:20:37 -0500 (master branch) (Win64, Release)'),(2,1386818627,0,0,'TrinityCore rev. af099c97f978+ 2013-12-11 17:20:37 -0500 (master branch) (Win64, Release)'),(2,1386818690,0,0,'TrinityCore rev. af099c97f978+ 2013-12-11 17:20:37 -0500 (master branch) (Win64, Release)'),(2,1386818759,2401,2,'TrinityCore rev. af099c97f978+ 2013-12-11 17:20:37 -0500 (master branch) (Win64, Release)'),(2,1386821552,0,0,'TrinityCore rev. af099c97f978+ 2013-12-11 17:20:37 -0500 (master branch) (Win64, Release)'),(2,1386822091,2401,2,'TrinityCore rev. af099c97f978+ 2013-12-11 17:20:37 -0500 (master branch) (Win64, Release)'),(2,1386824992,0,0,'TrinityCore rev. af099c97f978+ 2013-12-11 17:20:37 -0500 (master branch) (Win64, Release)'),(2,1386825525,601,2,'TrinityCore rev. af099c97f978+ 2013-12-11 17:20:37 -0500 (master branch) (Win64, Release)'),(2,1386826430,600,2,'TrinityCore rev. af099c97f978+ 2013-12-11 17:20:37 -0500 (master branch) (Win64, Release)'),(2,1386827090,601,3,'TrinityCore rev. af099c97f978+ 2013-12-11 17:20:37 -0500 (master branch) (Win64, Release)'),(2,1386827983,1201,3,'TrinityCore rev. af099c97f978+ 2013-12-11 17:20:37 -0500 (master branch) (Win64, Release)'),(2,1386829461,601,3,'TrinityCore rev. af099c97f978+ 2013-12-11 17:20:37 -0500 (master branch) (Win64, Release)'),(2,1386830343,2400,3,'TrinityCore rev. af099c97f978+ 2013-12-11 17:20:37 -0500 (master branch) (Win64, Release)'),(2,1386833119,0,0,'TrinityCore rev. af099c97f978+ 2013-12-11 17:20:37 -0500 (master branch) (Win64, Release)'),(2,1386833249,0,0,'TrinityCore rev. af099c97f978+ 2013-12-11 17:20:37 -0500 (master branch) (Win64, Release)'),(2,1386833961,4801,1,'TrinityCore rev. af099c97f978+ 2013-12-11 17:20:37 -0500 (master branch) (Win64, Release)'),(2,1386840399,0,0,'TrinityCore rev. 3e9e1b8695f2 2013-12-12 03:47:13 -0500 (master branch) (Win32, Release)'),(2,1386840639,19800,1,'TrinityCore rev. 3e9e1b8695f2 2013-12-12 03:47:13 -0500 (master branch) (Win32, Release)'),(2,1386860474,4201,2,'TrinityCore rev. 3e9e1b8695f2 2013-12-12 03:47:13 -0500 (master branch) (Win32, Release)'),(2,1386869486,1801,1,'TrinityCore rev. 3e9e1b8695f2 2013-12-12 03:47:13 -0500 (master branch) (Win32, Release)'),(2,1386871869,601,1,'TrinityCore rev. 3e9e1b8695f2 2013-12-12 03:47:13 -0500 (master branch) (Win32, Release)'),(2,1386872964,601,1,'TrinityCore rev. 3e9e1b8695f2 2013-12-12 03:47:13 -0500 (master branch) (Win32, Release)'),(2,1386874066,601,2,'TrinityCore rev. 3e9e1b8695f2 2013-12-12 03:47:13 -0500 (master branch) (Win32, Release)'),(2,1386874952,0,0,'TrinityCore rev. 3e9e1b8695f2 2013-12-12 03:47:13 -0500 (master branch) (Win32, Release)'),(2,1386875448,11400,1,'TrinityCore rev. 3e9e1b8695f2 2013-12-12 03:47:13 -0500 (master branch) (Win32, Release)'),(2,1386887012,1200,2,'TrinityCore rev. 3e9e1b8695f2 2013-12-12 03:47:13 -0500 (master branch) (Win32, Release)'),(2,1386888612,1200,2,'TrinityCore rev. 3e9e1b8695f2 2013-12-12 03:47:13 -0500 (master branch) (Win32, Release)'),(2,1386890349,57601,2,'TrinityCore rev. 3e9e1b8695f2 2013-12-12 03:47:13 -0500 (master branch) (Win32, Release)'),(2,1386948152,9000,1,'TrinityCore rev. 3e9e1b8695f2 2013-12-12 03:47:13 -0500 (master branch) (Win32, Release)'),(2,1386957732,0,0,'TrinityCore rev. 3e9e1b8695f2 2013-12-12 03:47:13 -0500 (master branch) (Win32, Release)'),(2,1386958140,0,0,'TrinityCore rev. 3e9e1b8695f2 2013-12-12 03:47:13 -0500 (master branch) (Win32, Release)'),(2,1386958638,0,0,'TrinityCore rev. 3e9e1b8695f2 2013-12-12 03:47:13 -0500 (master branch) (Win32, Release)'),(2,1386959019,3601,2,'TrinityCore rev. 3e9e1b8695f2 2013-12-12 03:47:13 -0500 (master branch) (Win32, Release)'),(2,1386963196,46801,2,'TrinityCore rev. 3e9e1b8695f2 2013-12-12 03:47:13 -0500 (master branch) (Win32, Release)'),(2,1387010506,0,0,'TrinityCore rev. 3e9e1b8695f2 2013-12-12 03:47:13 -0500 (master branch) (Win32, Release)'),(2,1387011423,1801,1,'TrinityCore rev. 3e9e1b8695f2 2013-12-12 03:47:13 -0500 (master branch) (Win32, Release)'),(2,1387013568,1200,1,'TrinityCore rev. 3e9e1b8695f2 2013-12-12 03:47:13 -0500 (master branch) (Win32, Release)'),(2,1387015149,41400,3,'TrinityCore rev. 3e9e1b8695f2 2013-12-12 03:47:13 -0500 (master branch) (Win32, Release)'),(2,1387056613,0,0,'TrinityCore rev. 3e9e1b8695f2 2013-12-12 03:47:13 -0500 (master branch) (Win32, Release)'),(2,1387057196,18000,2,'TrinityCore rev. 3e9e1b8695f2 2013-12-12 03:47:13 -0500 (master branch) (Win32, Release)'),(2,1387075519,0,0,'TrinityCore rev. 3e9e1b8695f2 2013-12-12 03:47:13 -0500 (master branch) (Win32, Release)'),(2,1387075641,0,0,'TrinityCore rev. 3e9e1b8695f2 2013-12-12 03:47:13 -0500 (master branch) (Win32, Release)'),(2,1387075712,600,1,'TrinityCore rev. 3e9e1b8695f2 2013-12-12 03:47:13 -0500 (master branch) (Win32, Release)'),(2,1387076918,0,0,'TrinityCore rev. 3e9e1b8695f2 2013-12-12 03:47:13 -0500 (master branch) (Win32, Release)'),(2,1387078240,10800,2,'TrinityCore rev. 3e9e1b8695f2 2013-12-12 03:47:13 -0500 (master branch) (Win32, Release)'),(2,1387089187,600,1,'TrinityCore rev. 3e9e1b8695f2 2013-12-12 03:47:13 -0500 (master branch) (Win32, Release)'),(2,1387090395,0,0,'TrinityCore rev. 3e9e1b8695f2 2013-12-12 03:47:13 -0500 (master branch) (Win32, Release)'),(2,1387090907,1200,1,'TrinityCore rev. 3e9e1b8695f2 2013-12-12 03:47:13 -0500 (master branch) (Win32, Release)'),(2,1387092139,4201,2,'TrinityCore rev. 3e9e1b8695f2 2013-12-12 03:47:13 -0500 (master branch) (Win32, Release)'),(2,1387096523,600,1,'TrinityCore rev. 9fff5503a6e8 2013-12-15 03:24:03 -0500 (master branch) (Win32, Release)'),(2,1387097257,1200,1,'TrinityCore rev. 9fff5503a6e8 2013-12-15 03:24:03 -0500 (master branch) (Win32, Release)'),(2,1387098843,31801,2,'TrinityCore rev. 9fff5503a6e8 2013-12-15 03:24:03 -0500 (master branch) (Win32, Release)'),(2,1387131093,601,2,'TrinityCore rev. 9fff5503a6e8 2013-12-15 03:24:03 -0500 (master branch) (Win32, Release)'),(2,1387132161,0,0,'TrinityCore rev. 9fff5503a6e8 2013-12-15 03:24:03 -0500 (master branch) (Win32, Release)'),(2,1387132698,600,2,'TrinityCore rev. 9fff5503a6e8 2013-12-15 03:24:03 -0500 (master branch) (Win32, Release)'),(2,1387133629,21601,2,'TrinityCore rev. 9fff5503a6e8 2013-12-15 03:24:03 -0500 (master branch) (Win32, Release)'),(2,1387155488,0,0,'TrinityCore rev. 9fff5503a6e8 2013-12-15 03:24:03 -0500 (master branch) (Win32, Release)'),(2,1387156939,3000,1,'TrinityCore rev. 9fff5503a6e8 2013-12-15 03:24:03 -0500 (master branch) (Win32, Release)'),(2,1387160191,0,0,'TrinityCore rev. 9fff5503a6e8 2013-12-15 03:24:03 -0500 (master branch) (Win32, Release)'),(2,1387160460,0,0,'TrinityCore rev. 9fff5503a6e8 2013-12-15 03:24:03 -0500 (master branch) (Win32, Release)'),(2,1387160515,2400,1,'TrinityCore rev. 9fff5503a6e8 2013-12-15 03:24:03 -0500 (master branch) (Win32, Release)'),(2,1387163094,10800,2,'TrinityCore rev. 9fff5503a6e8 2013-12-15 03:24:03 -0500 (master branch) (Win32, Release)'),(2,1387173975,600,1,'TrinityCore rev. 9fff5503a6e8 2013-12-15 03:24:03 -0500 (master branch) (Win32, Release)'),(2,1387174963,1800,1,'TrinityCore rev. 9fff5503a6e8 2013-12-15 03:24:03 -0500 (master branch) (Win32, Release)'),(2,1387176798,601,1,'TrinityCore rev. 9fff5503a6e8 2013-12-15 03:24:03 -0500 (master branch) (Win32, Release)'),(2,1387177885,600,1,'TrinityCore rev. 9fff5503a6e8 2013-12-15 03:24:03 -0500 (master branch) (Win32, Release)'),(2,1387178894,0,0,'TrinityCore rev. 9fff5503a6e8 2013-12-15 03:24:03 -0500 (master branch) (Win32, Release)'),(2,1387179393,3000,1,'TrinityCore rev. 9fff5503a6e8 2013-12-15 03:24:03 -0500 (master branch) (Win32, Release)'),(2,1387182858,600,2,'TrinityCore rev. 9fff5503a6e8+ 2013-12-15 03:24:03 -0500 (master branch) (Win32, Release)'),(2,1387183810,3600,2,'TrinityCore rev. 9fff5503a6e8+ 2013-12-15 03:24:03 -0500 (master branch) (Win32, Release)'),(2,1387187543,0,0,'TrinityCore rev. 9fff5503a6e8+ 2013-12-15 03:24:03 -0500 (master branch) (Win32, Release)'),(2,1387187663,0,0,'TrinityCore rev. 9fff5503a6e8+ 2013-12-15 03:24:03 -0500 (master branch) (Win32, Release)'),(2,1387188215,26400,2,'TrinityCore rev. 9fff5503a6e8+ 2013-12-15 03:24:03 -0500 (master branch) (Win32, Release)'),(2,1387215589,600,0,'TrinityCore rev. 9fff5503a6e8+ 2013-12-15 03:24:03 -0500 (master branch) (Win32, Release)'),(2,1387216420,0,0,'TrinityCore rev. 9fff5503a6e8+ 2013-12-15 03:24:03 -0500 (master branch) (Win32, Release)'),(2,1387216603,0,0,'TrinityCore rev. 9fff5503a6e8+ 2013-12-15 03:24:03 -0500 (master branch) (Win32, Release)'),(2,1387216680,0,0,'TrinityCore rev. 9fff5503a6e8+ 2013-12-15 03:24:03 -0500 (master branch) (Win32, Release)'),(2,1387216802,600,1,'TrinityCore rev. 9fff5503a6e8+ 2013-12-15 03:24:03 -0500 (master branch) (Win32, Release)'),(2,1387217650,601,1,'TrinityCore rev. 9fff5503a6e8+ 2013-12-15 03:24:03 -0500 (master branch) (Win32, Release)'),(2,1387218908,6600,3,'TrinityCore rev. 9fff5503a6e8+ 2013-12-15 03:24:03 -0500 (master branch) (Win32, Release)'),(2,1387225839,0,0,'TrinityCore rev. 9fff5503a6e8+ 2013-12-15 03:24:03 -0500 (master branch) (Win32, Release)'),(2,1387225868,2400,3,'TrinityCore rev. 9fff5503a6e8+ 2013-12-15 03:24:03 -0500 (master branch) (Win32, Release)'),(2,1387228679,1800,2,'TrinityCore rev. 9fff5503a6e8+ 2013-12-15 03:24:03 -0500 (master branch) (Win32, Release)'),(2,1387230557,23400,2,'TrinityCore rev. 9fff5503a6e8+ 2013-12-15 03:24:03 -0500 (master branch) (Win32, Release)'),(2,1387254425,6000,2,'TrinityCore rev. aa9701713c88 2013-12-16 17:06:28 -0500 (master branch) (Win32, Release)'),(2,1387260816,6600,2,'TrinityCore rev. aa9701713c88 2013-12-16 17:06:28 -0500 (master branch) (Win32, Release)'),(2,1387267949,6600,1,'TrinityCore rev. aa9701713c88+ 2013-12-16 17:06:28 -0500 (master branch) (Win32, Release)'),(2,1387274668,38400,2,'TrinityCore rev. 84013d598306+ 2013-12-17 04:09:42 -0500 (master branch) (Win32, Release)'),(2,1387313344,0,0,'TrinityCore rev. 84013d598306+ 2013-12-17 04:09:42 -0500 (master branch) (Win32, Release)'),(2,1387313904,5400,2,'TrinityCore rev. 84013d598306+ 2013-12-17 04:09:42 -0500 (master branch) (Win32, Release)'),(2,1387319475,0,0,'TrinityCore rev. 84013d598306+ 2013-12-17 04:09:42 -0500 (master branch) (Win32, Release)'),(2,1387319561,0,0,'TrinityCore rev. 84013d598306+ 2013-12-17 04:09:42 -0500 (master branch) (Win32, Release)'),(2,1387319621,22200,2,'TrinityCore rev. 84013d598306+ 2013-12-17 04:09:42 -0500 (master branch) (Win32, Release)'),(2,1387341888,0,0,'TrinityCore rev. 84013d598306+ 2013-12-17 04:09:42 -0500 (master branch) (Win32, Release)'),(2,1387341967,5400,2,'TrinityCore rev. 84013d598306+ 2013-12-17 04:09:42 -0500 (master branch) (Win32, Release)'),(2,1387347810,1200,1,'TrinityCore rev. d08f351257f5 2013-12-17 22:30:05 -0500 (master branch) (Win32, Release)'),(2,1387349361,0,0,'TrinityCore rev. d08f351257f5 2013-12-17 22:30:05 -0500 (master branch) (Win32, Release)'),(2,1387349590,118801,2,'TrinityCore rev. d08f351257f5 2013-12-17 22:30:05 -0500 (master branch) (Win32, Release)'),(2,1387468407,1800,2,'TrinityCore rev. d08f351257f5 2013-12-17 22:30:05 -0500 (master branch) (Win32, Release)'),(2,1387470588,14400,2,'TrinityCore rev. d08f351257f5 2013-12-17 22:30:05 -0500 (master branch) (Win32, Release)'),(2,1387485213,8400,2,'TrinityCore rev. d08f351257f5 2013-12-17 22:30:05 -0500 (master branch) (Win32, Release)'),(2,1387494732,1200,2,'TrinityCore rev. d08f351257f5 2013-12-17 22:30:05 -0500 (master branch) (Win32, Release)'),(2,1387496325,57000,1,'TrinityCore rev. d08f351257f5 2013-12-17 22:30:05 -0500 (master branch) (Win32, Release)'),(2,1387553855,0,0,'TrinityCore rev. d08f351257f5 2013-12-17 22:30:05 -0500 (master branch) (Win32, Release)'),(2,1387554342,148201,1,'TrinityCore rev. d08f351257f5 2013-12-17 22:30:05 -0500 (master branch) (Win32, Release)'),(2,1387738806,0,0,'TrinityCore rev. d08f351257f5 2013-12-17 22:30:05 -0500 (master branch) (Win32, Release)'),(2,1387738925,2400,2,'TrinityCore rev. d08f351257f5 2013-12-17 22:30:05 -0500 (master branch) (Win32, Release)'),(2,1387741418,0,0,'TrinityCore rev. d08f351257f5 2013-12-17 22:30:05 -0500 (master branch) (Win32, Release)'),(2,1387741761,34200,3,'TrinityCore rev. d08f351257f5 2013-12-17 22:30:05 -0500 (master branch) (Win32, Release)'),(2,1387767893,689,0,'TrinityCore rev. d08f351257f5 2013-12-17 22:30:05 -0500 (master branch) (Win32, Release)'),(2,1387768698,0,0,'TrinityCore rev. d08f351257f5 2013-12-17 22:30:05 -0500 (master branch) (Win32, Release)'),(2,1387776234,16200,2,'TrinityCore rev. d08f351257f5 2013-12-17 22:30:05 -0500 (master branch) (Win32, Release)'),(2,1387797292,21634,2,'TrinityCore rev. d08f351257f5 2013-12-17 22:30:05 -0500 (master branch) (Win32, Release)'),(2,1387818987,6000,0,'TrinityCore rev. d08f351257f5 2013-12-17 22:30:05 -0500 (master branch) (Win32, Release)'),(2,1387825357,0,0,'TrinityCore rev. ddd64462b5dd+ 2013-12-23 13:09:38 -0500 (master branch) (Win32, Release)'),(2,1387825801,13800,3,'TrinityCore rev. ddd64462b5dd+ 2013-12-23 13:09:38 -0500 (master branch) (Win32, Release)'),(2,1387839943,0,0,'TrinityCore rev. ddd64462b5dd+ 2013-12-23 13:09:38 -0500 (master branch) (Win32, Release)');

/*!40101 SET SQL_MODE=@OLD_SQL_MODE */;
/*!40014 SET FOREIGN_KEY_CHECKS=@OLD_FOREIGN_KEY_CHECKS */;
/*!40014 SET UNIQUE_CHECKS=@OLD_UNIQUE_CHECKS */;
/*!40111 SET SQL_NOTES=@OLD_SQL_NOTES */;
